,drugID,1,2,3,4,5,6,7,8,9,10,11,12,13,14,15,16,17,18,19,20,21,22,23,24,25,26
0,85,1,1,1,1,0,1,1,1,1,1,1,0,0,1,1,1,1,0,1,0,1,1,1,0,0,1
1,119,0,1,0,0,0,0,0,1,0,0,0,0,0,0,0,0,0,0,0,0,0,1,0,0,0,0
2,137,1,1,0,0,0,0,0,1,1,0,1,0,0,1,0,1,0,0,0,0,0,0,0,0,0,0
3,143,1,0,0,0,0,0,1,1,1,1,1,0,0,1,1,1,0,0,0,0,1,0,1,0,0,0
4,158,1,1,1,0,1,1,1,1,1,1,1,0,0,1,1,1,1,1,1,1,1,1,1,0,0,1
5,159,1,1,1,1,1,1,1,1,1,1,1,0,0,1,1,1,1,0,1,1,1,1,1,0,0,1
6,175,0,1,0,0,0,1,0,0,0,0,0,0,0,0,0,0,0,0,0,0,0,0,1,0,0,0
7,187,0,0,0,0,0,1,1,0,0,0,1,0,0,0,0,0,1,0,0,0,1,0,0,0,0,0
8,191,1,1,1,0,1,1,1,1,1,1,1,0,0,1,1,1,1,1,1,1,1,1,1,0,0,1
9,206,0,1,1,0,0,1,1,1,0,0,1,0,0,1,1,1,1,1,1,1,1,0,1,0,0,1
10,214,1,1,0,1,1,1,1,1,1,1,1,0,1,1,1,1,1,0,1,1,1,1,1,0,0,1
11,232,1,0,0,1,1,0,1,1,0,0,1,0,0,0,0,0,1,0,0,0,1,0,0,0,0,1
12,247,0,0,0,0,0,0,1,0,0,0,1,0,0,0,0,1,0,0,0,0,0,0,0,0,0,0
13,271,0,0,0,1,0,0,1,1,0,1,1,0,0,1,0,1,0,0,0,1,0,0,0,0,0,0
14,298,1,1,0,0,1,1,1,1,0,0,1,0,0,1,0,1,1,0,1,1,1,1,1,0,0,1
15,401,1,1,0,0,0,1,1,0,0,1,1,0,0,0,1,0,1,0,1,1,0,0,0,0,0,1
16,444,1,1,1,1,1,1,1,1,1,1,1,0,0,1,1,1,1,1,1,1,1,1,1,0,0,1
17,450,1,1,1,1,1,1,1,1,1,1,1,1,1,1,1,1,1,0,1,1,1,1,1,0,0,1
18,453,1,1,1,1,1,1,1,1,0,0,1,0,0,1,1,1,1,0,1,1,1,0,1,0,0,1
19,564,1,1,1,0,1,1,1,1,0,0,1,0,0,1,1,1,1,0,0,1,1,1,1,0,0,1
20,581,1,1,0,0,0,1,1,1,0,0,1,0,0,1,1,1,1,0,0,0,1,0,1,0,0,1
21,596,1,1,1,0,1,1,1,1,1,1,1,0,1,1,1,1,1,1,1,1,1,1,1,0,0,1
22,598,1,1,0,1,1,1,1,1,0,1,1,0,0,1,1,1,1,0,1,1,1,1,1,0,0,1
23,612,1,0,0,0,0,0,0,0,0,0,1,0,0,0,0,1,0,0,0,1,1,0,0,0,0,0
24,681,1,1,0,0,1,1,1,1,0,0,0,0,0,0,1,1,1,0,1,0,0,0,0,0,0,1
25,727,0,1,0,0,0,0,0,1,0,1,1,0,0,1,0,1,1,0,0,0,1,0,0,0,0,1
26,738,1,1,0,1,1,1,1,1,0,1,1,0,0,1,1,1,1,0,1,0,0,1,1,0,0,1
27,750,1,1,0,1,1,1,1,1,0,0,1,0,0,1,0,1,1,0,1,1,1,0,1,0,0,1
28,767,1,1,1,0,1,1,1,1,1,1,1,1,0,1,1,1,1,0,1,1,1,1,1,0,0,1
29,772,1,1,0,1,0,1,1,1,1,0,1,0,1,1,1,1,1,0,1,1,1,1,1,0,0,1
30,807,1,1,0,1,1,1,1,1,1,1,1,1,0,1,1,1,1,0,1,1,1,1,1,0,0,1
31,815,1,1,0,0,0,1,1,1,0,0,1,0,0,0,1,1,1,1,0,0,1,0,0,0,0,1
32,838,0,1,0,0,1,1,1,0,1,0,1,0,0,0,0,1,1,0,1,0,0,1,1,0,0,1
33,853,1,1,0,0,1,1,1,1,0,1,1,0,0,1,1,1,1,0,1,0,1,1,1,0,0,1
34,861,0,0,0,0,1,1,1,0,0,0,0,0,0,0,1,1,0,0,1,0,1,0,0,0,0,0
35,888,0,0,0,0,0,0,1,0,0,0,0,0,0,0,0,0,1,0,0,0,1,0,0,0,0,0
36,937,1,1,1,0,1,1,1,1,1,1,1,0,1,1,1,1,1,0,1,1,1,1,1,0,0,1
37,942,1,1,0,0,1,1,1,1,0,1,1,0,0,1,1,1,1,0,1,1,1,1,1,0,0,1
38,951,1,1,0,0,0,1,1,1,0,0,0,0,0,1,1,1,1,0,1,0,0,0,1,0,0,1
39,1003,1,1,0,0,0,0,1,1,1,0,1,0,0,1,1,1,1,0,0,0,0,1,1,0,0,1
40,1046,1,0,0,0,0,1,1,1,0,0,1,0,0,1,0,1,1,0,1,0,0,1,0,0,0,1
41,1065,1,1,1,1,1,1,1,1,1,1,1,0,0,1,1,1,1,1,1,1,1,1,1,0,0,1
42,1071,0,0,0,1,0,0,0,0,0,0,0,0,0,0,0,0,0,0,0,0,0,1,0,0,0,0
43,1125,1,1,0,0,1,1,1,1,1,0,1,0,0,0,1,1,1,0,0,1,1,1,0,0,0,1
44,1134,1,1,1,0,0,1,1,1,0,0,1,0,0,1,1,1,1,0,1,1,1,1,1,0,0,1
45,1148,0,0,0,0,0,1,1,1,0,0,1,0,0,0,0,0,1,0,0,1,1,0,0,0,0,1
46,1206,1,1,0,0,0,1,1,1,0,1,0,1,0,0,0,1,1,0,0,1,0,1,1,0,0,1
47,1302,1,1,1,1,1,1,1,1,1,1,1,0,1,1,1,1,1,1,1,1,1,1,1,0,1,1
48,1546,1,1,0,0,1,1,1,1,1,1,1,0,0,1,1,1,1,0,1,0,1,1,1,0,0,1
49,1690,1,1,1,1,1,1,1,1,1,1,1,0,1,1,1,1,1,0,1,1,1,1,1,0,0,1
50,1775,1,1,1,1,1,1,1,1,1,1,1,0,0,1,1,1,1,0,1,1,1,1,1,0,0,1
51,1935,1,1,1,0,1,1,1,1,1,1,1,0,1,1,1,1,1,0,1,1,1,1,1,0,0,1
52,1971,1,1,0,0,1,1,1,1,0,0,1,0,1,1,1,1,1,0,0,1,1,1,1,0,0,1
53,1972,1,1,1,1,1,1,1,1,1,1,1,0,1,1,1,1,1,1,1,1,1,1,1,0,0,1
54,1978,1,1,1,1,1,1,1,1,0,1,1,1,0,1,1,1,1,0,1,1,1,1,1,0,0,1
55,1986,1,1,0,0,1,1,1,1,0,0,1,0,0,0,1,1,1,1,0,1,1,1,1,0,0,1
56,2019,0,0,0,0,0,1,0,0,1,0,1,0,0,0,1,1,0,0,1,0,1,1,1,0,0,0
57,2021,0,0,0,1,0,1,1,1,0,0,0,0,0,0,0,0,1,0,0,0,0,1,0,0,0,0
58,2022,1,1,0,0,1,1,1,1,0,1,1,0,1,1,1,1,1,0,1,1,1,1,1,0,0,1
59,2082,1,1,0,0,1,1,1,1,0,0,1,0,0,0,1,1,1,0,1,1,1,0,0,0,0,1
60,2083,1,1,1,1,1,1,1,1,1,1,1,0,0,1,1,1,1,1,1,1,1,1,1,0,0,1
61,2088,1,1,0,0,1,1,1,1,1,1,1,0,1,1,1,1,1,1,0,0,1,1,1,0,0,1
62,2092,1,1,0,0,1,1,1,1,0,1,1,0,0,1,1,1,1,0,1,1,1,1,1,0,0,1
63,2099,1,1,1,1,1,1,1,1,1,1,1,0,0,1,1,1,1,0,1,1,1,1,1,0,0,1
64,2118,1,1,1,0,0,1,1,1,1,1,1,0,0,1,1,1,1,1,1,1,1,1,1,0,0,1
65,2123,1,0,0,0,0,0,1,1,0,0,1,0,0,1,0,0,1,0,1,0,1,0,1,0,0,1
66,2130,1,1,0,1,1,1,1,1,0,1,1,0,0,1,1,1,1,0,1,1,1,1,1,0,0,1
67,2131,0,0,1,0,0,0,1,1,0,0,1,0,0,0,0,1,1,0,0,0,0,0,0,0,0,0
68,2133,0,0,1,1,0,0,1,0,0,0,1,0,0,1,1,1,0,0,0,1,1,0,1,0,0,1
69,2140,1,1,0,0,1,1,1,1,1,0,1,0,0,1,1,1,1,0,1,1,1,1,1,0,0,1
70,2141,1,1,0,1,0,1,1,1,0,1,1,0,0,1,1,1,1,1,1,1,1,0,1,0,0,0
71,2142,1,1,0,0,0,1,1,1,0,0,1,0,0,1,1,0,1,1,0,0,1,1,1,0,0,1
72,2145,1,0,0,0,1,1,1,1,0,0,1,0,0,1,1,0,1,0,1,0,1,1,1,0,0,1
73,2148,1,1,1,0,0,0,1,1,0,0,0,0,0,0,0,0,0,0,0,0,1,1,0,0,0,0
74,2153,1,1,0,0,0,1,1,1,0,1,0,0,0,1,1,1,1,0,1,0,1,1,0,0,0,1
75,2156,1,1,1,0,1,1,1,1,1,1,1,0,0,1,1,1,1,1,1,1,1,1,1,0,0,1
76,2160,1,1,1,1,1,1,1,1,0,1,1,0,0,1,1,1,1,1,1,1,1,1,1,0,0,1
77,2162,1,1,1,1,1,1,1,1,1,1,1,0,0,1,1,1,1,0,1,1,1,1,1,0,0,1
78,2170,1,1,1,0,1,1,1,1,0,1,1,0,0,1,1,1,1,1,1,1,1,1,1,0,0,1
79,2171,1,0,0,1,1,1,1,1,0,0,1,0,0,1,1,1,1,0,0,1,0,1,1,0,0,1
80,2173,1,0,0,0,1,0,1,1,0,0,1,0,0,1,0,1,1,0,0,1,0,1,1,0,0,0
81,2177,1,1,0,0,0,1,1,1,0,0,1,0,1,1,1,1,1,0,1,0,1,0,1,0,0,1
82,2179,1,1,1,1,1,1,1,1,1,1,1,0,0,1,1,1,1,0,1,1,1,1,1,0,0,1
83,2182,1,1,1,0,1,1,1,1,1,1,1,0,0,1,1,1,1,0,1,1,1,1,1,0,0,1
84,2187,1,1,0,1,1,1,1,1,1,1,1,0,1,1,1,1,1,0,1,1,1,1,1,0,0,1
85,2215,1,0,0,0,1,1,1,1,0,1,1,0,0,0,1,1,1,0,1,1,1,1,1,0,0,1
86,2216,1,1,1,0,1,1,1,1,0,1,1,0,0,1,1,1,1,0,1,0,0,1,1,0,0,1
87,2232,1,1,0,1,1,1,1,1,1,0,1,0,0,1,1,1,1,0,1,0,1,0,0,0,1,1
88,2244,1,1,0,0,1,1,1,1,0,0,1,0,0,1,0,1,1,1,1,1,1,1,1,0,0,0
89,2249,1,1,1,1,1,1,1,1,1,1,1,1,0,1,1,1,1,1,1,1,1,1,1,0,0,1
90,2250,1,1,1,1,0,1,1,1,1,1,1,0,0,1,1,1,1,0,1,1,1,1,1,0,0,1
91,2265,1,0,0,0,1,1,1,1,1,0,1,0,0,1,1,1,1,0,1,0,1,1,1,0,0,0
92,2266,1,1,0,1,0,0,1,0,1,0,1,0,0,1,0,1,1,0,0,1,1,0,1,0,0,1
93,2267,1,1,1,1,1,1,1,1,0,1,1,0,0,1,1,1,1,0,1,1,1,1,1,0,0,1
94,2269,1,1,0,1,0,1,1,1,0,1,1,0,0,1,1,1,1,1,1,1,1,1,1,0,0,1
95,2274,1,1,1,0,0,1,1,1,0,1,1,0,1,1,1,1,1,0,1,1,1,1,1,0,0,1
96,2283,0,1,0,0,0,0,1,1,0,0,0,0,0,0,1,0,1,0,0,0,0,0,0,0,0,0
97,2284,1,1,1,0,1,1,1,1,1,1,1,0,1,1,1,1,1,1,1,1,1,1,1,0,0,1
98,2308,1,1,1,1,0,0,1,1,0,0,1,0,0,0,0,1,1,0,1,1,1,1,1,0,0,1
99,2311,1,1,0,0,1,1,1,1,0,1,1,0,0,1,1,1,1,0,1,1,1,1,1,0,0,1
100,2315,1,0,1,0,1,1,1,1,1,1,1,0,0,1,1,1,1,0,1,0,1,1,0,0,0,1
101,2344,1,1,1,1,1,1,1,1,0,1,1,0,0,0,0,1,1,0,1,1,0,1,1,0,0,0
102,2349,1,1,1,1,1,1,1,1,1,1,1,0,0,1,1,1,1,0,1,1,1,1,1,0,0,1
103,2366,1,1,0,0,0,1,1,1,0,0,0,0,0,1,0,0,0,0,0,0,0,1,0,0,0,1
104,2369,1,1,1,1,1,1,1,1,1,1,1,1,1,1,1,1,1,0,1,1,1,1,1,0,0,1
105,2370,0,0,0,0,0,0,1,0,0,1,1,0,0,0,0,1,1,0,0,1,1,0,1,0,0,1
106,2375,1,1,0,1,1,1,1,1,1,1,1,0,0,1,1,1,1,0,1,1,1,1,1,0,0,1
107,2381,0,1,0,0,0,1,1,0,0,1,0,0,0,0,0,0,0,0,0,0,1,0,0,0,0,0
108,2405,1,1,1,0,1,1,1,1,1,1,1,1,1,1,1,1,1,1,1,1,1,1,1,0,0,1
109,2431,1,0,0,0,0,1,1,1,0,0,1,0,0,0,1,1,1,0,0,1,1,1,1,0,0,1
110,2435,1,1,1,1,0,1,1,1,1,1,1,0,0,1,1,1,1,1,1,1,1,1,1,0,0,1
111,2441,1,0,1,1,0,1,1,1,1,1,1,0,0,1,1,1,1,1,1,1,1,1,1,0,0,1
112,2443,1,1,1,0,1,1,1,1,0,1,1,0,0,1,1,1,1,1,1,1,1,1,1,0,0,1
113,2462,1,1,1,1,1,1,1,1,1,1,1,0,0,1,1,1,1,0,1,1,1,1,1,0,0,1
114,2471,1,1,1,0,1,1,1,1,0,0,1,0,0,1,1,1,1,1,1,0,1,0,1,0,0,1
115,2474,1,1,1,1,1,1,1,1,1,1,1,0,0,1,1,1,1,1,1,1,1,1,1,0,0,1
116,2476,1,1,1,1,0,1,1,1,0,1,1,0,0,1,1,1,1,0,1,1,1,1,1,0,0,1
117,2477,1,1,1,1,1,1,1,1,1,1,1,0,0,1,1,1,1,1,1,1,1,1,1,0,0,1
118,2478,1,1,0,1,1,1,1,1,1,1,1,0,0,1,1,1,1,0,1,1,1,1,1,0,0,1
119,2484,0,0,0,0,0,0,1,0,0,0,1,0,0,1,0,0,0,0,0,0,0,0,0,0,0,0
120,2487,1,1,1,0,0,1,1,1,1,1,1,0,0,1,1,1,1,1,1,1,1,1,1,0,0,1
121,2512,1,1,0,1,0,1,1,1,1,1,1,0,0,1,1,1,1,0,1,1,1,1,1,0,0,1
122,2519,1,0,0,0,0,0,0,0,1,0,1,0,0,0,1,1,1,0,0,1,0,0,1,0,0,1
123,2520,1,1,1,1,1,1,1,1,1,1,1,0,0,1,1,1,1,0,1,1,1,1,1,0,0,1
124,2522,1,0,0,1,0,0,0,0,0,0,1,0,0,1,0,1,0,0,0,1,0,0,0,0,0,0
125,2524,1,1,0,1,1,1,1,1,0,1,1,0,0,1,1,1,1,0,1,1,1,1,0,0,0,1
126,2541,1,1,1,0,1,1,1,1,1,1,1,0,1,1,1,1,1,0,1,1,1,1,1,0,0,1
127,2550,1,0,1,0,1,1,1,1,0,1,1,0,1,1,1,1,1,0,1,1,1,1,1,0,0,1
128,2551,0,0,0,0,0,1,0,0,0,0,0,0,0,0,1,0,1,0,0,0,1,0,0,0,0,1
129,2554,1,1,1,1,1,1,1,1,0,1,1,0,0,1,1,1,1,1,1,1,1,1,1,0,0,1
130,2559,1,0,0,0,0,1,1,1,0,1,1,0,0,1,1,1,1,0,0,0,0,1,0,0,0,1
131,2564,0,1,1,0,1,1,1,1,0,1,1,0,1,1,0,1,1,0,0,1,1,1,1,0,0,1
132,2575,1,0,0,0,0,1,1,1,0,1,1,0,0,1,1,1,1,0,0,0,0,1,0,0,0,1
133,2576,1,1,0,1,0,1,1,1,0,1,1,0,0,1,1,0,1,0,1,1,1,1,0,0,0,1
134,2578,1,1,1,1,0,1,1,1,1,1,1,0,0,1,1,1,1,0,1,1,1,1,1,0,0,1
135,2583,1,1,0,0,0,1,1,0,0,0,1,0,0,1,1,1,1,0,1,0,1,1,0,0,0,1
136,2585,1,1,1,0,1,1,1,1,1,1,1,0,1,1,1,1,1,1,1,1,1,1,1,0,0,1
137,2609,1,1,0,1,1,1,1,1,1,1,1,0,0,1,1,1,1,0,1,1,1,1,1,0,0,1
138,2610,1,1,1,1,1,1,1,1,1,1,1,0,0,1,1,1,1,0,1,1,1,1,1,0,0,1
139,2617,1,1,1,1,1,1,1,1,1,1,1,0,1,1,1,1,0,0,1,1,1,1,1,0,0,0
140,2622,1,1,0,0,1,1,1,1,1,1,1,0,0,1,1,1,1,0,1,1,1,1,1,0,0,1
141,2629,1,1,0,0,0,1,1,1,0,0,1,0,0,1,1,1,0,0,0,1,0,0,0,0,0,0
142,2631,1,1,0,1,1,1,1,1,1,1,1,0,0,1,1,1,1,0,1,1,1,1,1,0,0,1
143,2637,1,1,0,1,1,1,1,1,1,1,1,0,0,1,1,1,1,0,1,1,1,1,1,0,0,1
144,2646,1,1,0,0,1,1,1,1,1,1,1,0,0,1,1,1,1,0,1,1,1,1,1,0,0,1
145,2650,1,1,0,1,1,1,1,1,1,1,1,0,1,1,1,1,1,0,1,1,1,1,1,0,0,1
146,2654,1,0,0,1,1,1,1,1,1,1,1,0,0,1,1,1,1,0,1,1,1,1,1,0,0,1
147,2655,1,1,0,0,1,1,1,1,1,1,1,0,1,1,1,1,0,0,1,1,1,1,1,0,0,0
148,2656,1,1,1,0,1,1,1,1,1,1,1,0,1,1,1,1,1,0,1,1,1,1,1,0,0,1
149,2658,1,1,1,0,1,1,1,1,1,1,1,0,0,1,1,1,1,0,1,1,1,1,1,0,0,1
150,2662,1,1,1,1,1,1,1,1,1,1,1,0,1,1,1,1,1,1,1,1,1,1,1,0,0,1
151,2666,1,1,0,1,1,1,1,1,1,1,1,0,0,1,1,1,1,0,1,1,1,1,1,0,0,1
152,2673,1,0,0,0,0,0,1,1,0,0,1,0,0,1,1,0,1,0,0,1,0,1,0,0,0,0
153,2675,1,1,0,1,1,1,1,1,1,1,1,0,1,1,1,1,1,0,1,1,1,1,1,0,0,1
154,2676,1,1,1,1,1,1,1,1,0,1,1,0,1,1,1,1,1,0,1,1,1,1,1,0,0,1
155,2678,1,1,0,1,1,1,1,1,1,1,1,0,1,1,1,1,1,1,1,1,1,1,1,0,0,1
156,2708,1,1,0,1,1,1,1,1,0,1,1,0,0,1,1,1,1,0,1,1,1,1,1,0,0,0
157,2712,0,0,0,0,1,1,1,0,0,1,1,0,0,0,1,1,0,0,0,1,0,0,0,0,0,0
158,2713,1,1,0,0,0,1,1,1,1,0,1,0,0,1,0,1,1,0,1,0,1,1,1,0,0,1
159,2719,0,0,1,0,1,1,1,1,0,1,1,0,0,1,1,1,1,0,1,0,1,1,0,0,0,1
160,2720,1,0,1,0,1,1,1,1,1,1,1,0,0,0,1,1,1,0,1,1,1,1,1,0,0,1
161,2725,0,1,1,0,1,1,1,1,0,1,1,0,1,1,0,1,1,0,0,1,0,1,1,0,0,1
162,2726,0,1,0,1,1,1,1,1,1,1,1,0,0,1,1,1,1,0,1,1,1,1,1,0,0,1
163,2727,0,0,0,0,1,0,1,1,0,0,1,0,0,1,1,1,1,0,1,1,1,0,0,0,0,1
164,2732,1,0,0,0,1,1,1,1,1,1,1,0,0,0,1,1,1,0,1,1,1,0,1,0,0,1
165,2733,1,1,0,0,0,1,0,0,0,0,1,0,0,0,0,0,1,0,0,0,1,1,1,0,0,1
166,2749,1,1,0,0,0,0,1,0,0,0,1,0,0,1,0,1,0,0,0,1,1,1,0,0,0,1
167,2751,1,1,0,1,1,1,1,1,0,1,1,0,0,1,1,1,1,0,1,1,1,1,1,0,0,1
168,2756,1,1,0,1,1,1,1,0,0,0,1,0,0,0,1,1,1,0,1,1,1,1,0,0,0,1
169,2762,1,1,0,1,0,1,1,1,0,1,1,0,0,1,0,1,1,0,1,1,0,1,1,0,0,1
170,2764,1,1,1,1,1,1,1,1,1,1,1,1,1,1,1,1,1,1,1,1,1,1,1,0,0,1
171,2769,1,1,0,1,1,1,1,1,1,1,1,0,0,1,1,1,1,0,1,1,1,1,1,0,0,1
172,2771,1,1,1,1,1,1,1,1,1,1,1,0,1,1,1,1,1,1,1,1,1,1,1,0,0,1
173,2781,0,1,1,0,1,1,1,1,0,1,1,0,1,1,0,1,1,0,0,1,1,1,1,0,0,1
174,2786,1,1,1,1,1,1,1,1,1,1,1,0,0,1,1,1,1,0,1,1,1,1,1,0,0,1
175,2794,1,1,0,0,0,1,1,1,0,1,1,1,0,1,1,1,1,0,1,1,1,1,1,0,0,1
176,2800,1,1,1,1,0,1,1,1,1,1,1,0,1,1,1,1,1,0,1,1,1,1,1,0,1,1
177,2801,1,1,1,1,1,1,1,1,1,1,1,0,1,1,1,1,1,0,1,1,1,1,1,0,0,1
178,2802,1,1,1,1,1,1,1,1,1,1,1,0,0,1,1,1,1,1,1,1,1,1,1,0,0,1
179,2803,1,1,1,1,1,1,1,1,1,1,1,1,0,1,1,1,1,1,1,1,1,1,1,0,0,1
180,2806,1,1,1,1,1,1,1,1,1,1,1,0,1,1,1,1,1,0,1,1,1,1,1,0,0,1
181,2812,1,1,0,0,0,0,1,1,1,0,1,0,0,1,0,0,1,0,1,1,0,0,0,0,0,0
182,2818,1,1,0,1,1,1,1,1,1,1,1,1,1,1,1,1,1,1,1,1,1,1,1,0,0,1
183,2891,1,0,0,0,1,0,1,1,1,0,1,0,0,1,1,1,1,0,1,0,1,1,1,0,0,1
184,2895,1,1,1,1,1,1,1,1,1,1,1,0,0,1,1,1,1,1,1,1,1,1,1,0,0,1
185,2905,1,1,1,0,0,1,1,0,0,1,1,0,0,1,0,1,1,0,0,0,0,0,0,0,0,0
186,2907,1,1,1,1,1,1,1,1,1,1,1,0,0,1,1,1,1,0,1,1,1,1,1,0,0,1
187,2909,1,1,1,1,1,1,1,1,1,1,1,0,1,1,1,1,1,1,1,1,1,1,1,0,0,1
188,2913,1,1,1,0,1,1,1,1,0,1,1,0,1,1,1,1,1,0,0,1,1,1,1,0,0,1
189,2949,1,1,1,0,1,1,1,1,1,1,1,0,0,1,1,1,1,0,1,1,1,1,1,0,0,1
190,2951,1,1,0,0,0,1,1,1,1,1,1,1,0,1,1,1,1,0,1,1,1,1,1,0,0,1
191,2955,0,1,0,0,0,1,0,1,0,0,1,0,0,1,1,1,1,0,0,0,0,1,0,0,0,1
192,2958,1,1,0,1,1,1,1,1,1,1,1,0,0,1,1,1,1,0,1,1,1,1,1,0,0,1
193,2973,1,1,1,1,0,1,1,1,0,0,1,0,0,1,1,1,1,0,1,1,1,1,1,0,0,1
194,2978,1,0,0,0,0,1,1,1,0,1,1,0,0,1,0,1,1,1,0,1,1,1,1,0,0,1
195,2983,1,1,0,1,0,0,1,1,0,0,1,0,0,1,1,1,1,0,0,1,0,1,1,0,0,1
196,2995,1,1,1,0,1,1,1,1,1,1,1,1,0,1,1,1,1,1,1,1,1,1,1,0,0,1
197,3000,0,0,1,1,0,1,1,0,0,0,1,0,0,1,0,1,1,0,0,1,1,0,1,0,0,1
198,3003,1,1,1,1,1,1,1,1,1,0,1,0,1,1,1,1,1,0,1,1,1,1,1,0,0,1
199,3007,1,1,0,0,1,1,1,1,0,1,1,0,0,1,1,1,1,0,1,1,1,1,1,0,0,1
200,3009,1,0,0,0,1,0,1,0,1,0,1,0,0,1,0,1,1,0,0,1,1,0,1,0,0,1
201,3015,1,1,0,1,0,1,1,1,1,1,1,0,0,1,1,1,1,0,1,1,1,1,1,0,0,1
202,3016,1,1,1,1,1,1,1,1,0,1,1,0,0,1,1,1,1,1,1,1,1,1,1,0,0,1
203,3019,1,1,1,0,1,1,1,1,0,1,1,0,0,1,1,1,1,1,1,1,1,0,1,0,0,1
204,3032,1,1,1,1,1,1,1,1,1,1,1,0,1,1,1,1,1,1,1,1,1,1,1,0,0,1
205,3040,1,1,0,1,1,1,1,1,0,1,1,0,0,1,1,1,1,0,1,1,1,1,1,0,0,0
206,3042,1,1,1,1,1,1,1,1,0,1,1,0,0,1,1,1,1,0,1,1,0,1,1,0,0,1
207,3043,1,1,0,0,1,1,1,1,0,1,1,0,0,1,1,1,1,0,1,1,1,1,1,0,0,1
208,3059,1,1,1,0,1,1,1,1,0,1,1,0,1,1,1,1,1,1,1,1,1,1,1,0,0,1
209,3062,1,0,0,0,0,0,1,1,1,0,1,0,0,0,1,1,1,0,1,1,0,1,0,0,0,1
210,3066,1,1,1,0,1,1,1,1,1,0,1,0,0,1,1,1,1,0,1,1,1,1,1,0,0,1
211,3075,1,1,1,1,1,1,1,1,1,1,1,0,0,1,1,1,1,1,1,1,1,1,1,0,0,1
212,3080,1,1,0,0,0,0,1,1,1,0,1,0,0,1,0,1,1,0,1,0,0,0,0,0,0,1
213,3100,0,1,1,0,1,1,1,1,0,1,1,0,1,1,0,1,1,0,0,1,1,1,1,0,0,1
214,3105,1,0,0,1,0,0,1,0,0,0,0,0,0,1,0,1,0,0,1,0,1,0,0,0,0,1
215,3108,1,1,0,1,1,1,1,1,1,1,1,0,0,1,1,1,1,0,1,1,1,1,1,0,0,1
216,3114,1,1,1,1,1,1,1,1,0,1,1,0,0,1,1,1,1,1,1,1,1,1,1,0,0,1
217,3117,1,1,0,0,0,1,0,0,0,1,0,0,0,0,1,1,1,0,0,1,0,0,1,0,0,1
218,3121,1,1,1,1,1,1,1,1,1,1,1,0,0,1,1,1,1,1,1,1,1,1,1,0,0,1
219,3125,1,1,0,0,0,1,1,1,0,0,1,0,1,1,0,1,0,0,1,1,0,1,1,0,0,1
220,3143,1,1,0,1,1,1,1,1,1,1,1,1,1,1,1,1,1,1,1,1,1,1,1,0,0,1
221,3148,1,1,0,0,1,1,1,1,1,1,1,0,0,1,1,1,1,1,1,1,1,1,1,0,0,1
222,3151,1,0,0,0,1,1,1,1,1,1,1,0,0,1,0,1,1,0,1,1,1,1,1,0,0,1
223,3152,1,1,1,1,1,1,1,1,1,1,1,0,1,1,1,1,1,1,1,1,1,1,1,0,0,1
224,3154,1,1,1,1,1,1,1,1,0,1,1,1,0,1,1,1,1,1,1,1,1,1,1,0,0,1
225,3156,1,1,0,0,0,1,1,1,1,0,1,0,0,1,1,1,1,0,1,1,1,0,0,0,0,1
226,3157,1,1,1,1,1,1,1,1,1,1,1,0,0,1,1,1,1,1,1,1,1,1,1,0,0,1
227,3158,1,1,1,0,1,1,1,1,0,1,1,0,0,1,1,1,1,0,1,1,1,1,1,0,0,1
228,3161,1,1,0,1,1,1,1,1,1,0,1,0,0,1,1,1,1,0,1,1,0,1,1,0,0,1
229,3168,0,0,0,0,0,1,1,0,0,0,0,1,0,1,1,1,1,0,0,0,1,1,0,0,0,0
230,3198,1,0,0,0,0,0,0,0,0,0,1,0,0,1,0,0,0,0,0,0,0,0,0,0,0,0
231,3203,1,1,1,1,1,1,1,1,0,1,1,0,1,1,1,1,1,0,1,1,1,1,1,0,0,1
232,3219,0,0,1,0,0,0,1,0,0,1,0,0,0,1,0,1,0,0,0,0,0,1,0,0,0,1
233,3222,1,1,1,0,1,1,1,1,0,1,1,0,0,1,1,1,1,0,1,1,1,1,1,0,0,1
234,3226,0,0,0,0,0,0,1,1,0,1,0,0,0,0,1,1,0,0,1,0,1,0,0,0,0,0
235,3241,0,0,0,0,0,0,0,1,0,0,1,0,0,1,0,1,0,0,0,0,1,1,0,0,0,1
236,3249,0,0,0,1,1,1,1,0,0,1,1,0,0,0,0,1,1,0,1,0,0,1,1,0,0,1
237,3251,0,1,0,0,0,0,1,1,0,0,1,0,0,1,0,0,0,0,1,0,0,0,0,0,0,1
238,3255,1,1,0,1,0,1,1,1,0,1,1,0,0,1,1,1,1,1,1,1,0,1,1,0,0,1
239,3261,1,1,0,1,1,1,1,1,1,1,1,0,0,1,1,1,1,1,1,1,1,1,1,0,0,1
240,3278,1,1,1,0,1,1,1,1,0,0,1,0,0,0,1,1,1,0,0,1,0,0,1,0,0,1
241,3279,1,1,1,0,1,1,1,1,0,0,1,0,0,1,1,1,1,0,0,1,1,1,1,0,0,1
242,3285,1,1,0,1,1,1,1,1,1,1,1,1,1,1,1,1,1,0,1,1,1,1,1,0,0,1
243,3291,0,0,1,1,1,1,1,1,0,0,1,0,0,1,1,1,1,0,1,1,0,0,1,0,0,1
244,3292,1,0,0,1,1,1,1,1,0,0,1,0,0,1,1,1,1,0,0,0,1,1,1,0,0,1
245,3305,1,1,0,0,1,0,1,1,0,0,1,0,1,1,1,1,1,1,1,1,1,1,0,0,0,1
246,3308,1,1,1,1,1,1,1,1,1,1,1,0,1,1,1,1,1,1,1,1,1,1,1,0,0,1
247,3310,1,1,1,1,1,1,1,1,0,1,1,0,0,1,1,1,1,1,1,1,1,1,1,0,0,1
248,3324,1,1,0,0,0,1,1,1,0,1,1,0,0,0,1,1,1,0,0,1,0,1,1,0,0,1
249,3325,1,1,1,0,1,1,1,1,1,1,1,0,0,1,1,1,1,0,1,1,1,1,1,0,0,1
250,3333,1,1,1,0,1,1,1,1,1,1,1,0,0,1,1,1,1,0,1,1,1,1,1,0,0,1
251,3339,1,1,1,1,1,1,1,1,1,1,1,0,1,1,1,1,1,0,1,1,1,1,1,0,0,1
252,3340,1,0,1,0,1,1,1,1,1,1,1,0,0,1,1,1,1,0,1,1,1,1,0,0,0,1
253,3342,1,1,1,0,1,1,1,1,1,1,1,0,1,1,1,1,1,1,1,1,1,1,1,0,0,1
254,3345,1,1,1,1,1,1,1,1,1,1,1,1,1,1,1,1,1,0,1,1,1,1,1,0,0,1
255,3348,1,1,1,0,0,1,1,1,0,1,1,0,0,1,1,1,1,1,1,1,1,1,1,0,0,1
256,3350,1,1,0,0,0,1,1,1,0,0,1,0,0,1,1,1,1,0,1,1,1,1,0,0,0,1
257,3354,0,0,1,0,0,1,1,1,0,0,0,0,0,1,0,1,0,0,0,1,0,1,0,0,0,1
258,3355,1,1,1,0,1,1,1,1,1,1,1,0,0,1,1,1,1,0,1,1,1,1,1,0,0,1
259,3365,1,1,0,1,1,1,1,1,1,1,1,0,1,1,1,1,1,0,1,1,1,1,1,0,0,1
260,3366,1,0,0,1,1,1,1,1,0,0,1,0,0,1,1,1,1,1,1,1,1,1,1,0,0,1
261,3367,1,1,1,0,1,1,1,1,1,1,1,0,1,1,1,1,1,1,1,1,1,1,1,0,0,1
262,3372,1,1,1,1,1,1,1,1,1,1,1,0,0,1,1,1,1,0,1,1,1,1,1,0,0,1
263,3373,1,1,1,1,0,1,1,1,1,1,1,0,0,1,1,1,1,1,1,1,1,1,1,0,0,1
264,3375,0,0,1,1,0,0,1,0,0,0,0,0,0,1,1,1,0,0,0,1,1,0,1,0,0,1
265,3379,1,1,1,1,1,1,1,1,0,1,1,0,0,1,1,1,1,0,1,1,1,1,1,0,0,1
266,3381,1,1,1,1,0,1,1,1,1,1,1,0,0,1,1,1,1,0,1,1,1,1,1,0,1,1
267,3382,0,1,1,1,0,1,1,0,0,0,1,0,0,1,1,1,1,0,0,1,1,0,1,0,0,1
268,3384,1,0,1,1,0,1,0,0,0,1,0,0,0,0,0,1,1,0,0,1,0,0,1,0,0,0
269,3385,1,1,1,1,1,1,1,1,1,1,1,0,0,1,1,1,1,0,1,1,1,1,1,0,0,1
270,3386,1,1,1,1,1,1,1,1,1,1,1,0,1,1,1,1,1,0,1,1,1,1,1,0,0,1
271,3387,1,0,0,0,0,1,1,0,1,0,1,0,0,0,0,1,0,0,0,0,1,0,1,0,0,1
272,3392,0,0,1,1,0,0,1,0,0,0,0,0,0,1,1,0,0,0,0,1,1,0,1,0,0,1
273,3393,1,1,1,1,1,1,1,1,0,1,1,0,0,1,1,1,1,0,1,1,1,1,1,0,0,1
274,3394,1,1,1,1,1,1,1,1,1,1,1,0,1,1,1,1,1,1,1,1,1,1,1,0,0,1
275,3397,1,0,0,1,0,1,1,1,0,0,1,0,0,0,1,1,0,0,1,1,0,1,1,0,0,1
276,3403,1,1,1,1,1,1,1,1,0,1,1,0,1,1,1,1,1,0,1,1,1,1,1,0,0,1
277,3404,1,1,1,1,1,1,1,1,1,1,1,0,0,1,1,1,1,0,1,1,1,1,1,0,0,1
278,3405,1,0,0,0,0,0,1,0,0,1,1,1,0,1,0,1,1,0,0,1,0,1,0,0,0,0
279,3406,1,1,1,0,1,1,1,1,0,1,0,0,0,1,0,1,1,0,1,1,1,1,1,0,0,1
280,3410,1,1,1,1,1,1,1,1,1,1,1,0,0,1,1,1,1,0,1,1,1,1,1,0,0,1
281,3414,1,1,1,1,1,1,1,1,1,1,1,0,0,1,1,1,1,0,1,1,1,1,1,0,0,1
282,3417,1,1,0,0,0,1,1,1,0,1,1,0,0,1,1,1,1,1,1,1,1,1,1,0,0,1
283,3419,1,1,1,0,1,1,1,1,1,1,1,0,0,1,1,1,1,0,1,1,1,1,1,0,0,1
284,3440,1,1,1,0,1,1,1,1,1,1,1,0,0,1,1,1,1,1,1,1,1,1,1,0,0,1
285,3446,1,1,1,1,1,1,1,1,1,1,1,0,1,1,1,1,1,1,1,1,1,1,1,0,0,1
286,3449,1,1,1,0,0,1,1,1,1,1,1,0,0,1,1,1,1,1,1,1,1,1,1,0,0,1
287,3454,1,1,0,1,1,1,1,1,1,1,1,0,0,1,1,1,1,0,1,1,1,1,1,0,0,1
288,3461,1,1,0,1,0,1,1,1,1,1,1,0,0,1,1,1,1,1,1,0,1,1,1,0,0,1
289,3463,1,1,1,1,0,1,1,1,1,1,1,0,0,1,1,1,1,0,1,1,1,1,1,0,0,1
290,3467,1,1,0,1,1,1,1,1,0,0,1,0,0,1,1,1,1,1,0,1,1,1,1,0,0,1
291,3475,1,1,0,1,1,1,1,1,1,1,1,0,1,1,1,1,1,1,1,1,1,1,1,0,0,1
292,3476,1,1,1,0,1,1,1,1,0,0,1,0,0,1,1,1,1,0,1,1,1,1,1,0,0,1
293,3478,1,1,1,0,1,1,1,1,0,1,1,0,0,1,1,1,1,0,1,1,1,1,1,0,0,1
294,3488,1,1,1,1,1,0,1,1,0,0,1,0,0,1,1,1,1,0,1,1,1,1,0,0,0,1
295,3494,1,1,1,1,0,1,1,1,1,1,1,0,0,1,1,1,1,0,1,1,1,1,0,0,0,1
296,3510,1,1,0,1,1,1,1,1,0,1,1,0,0,1,1,1,1,0,1,1,1,1,1,0,0,1
297,3512,1,1,0,0,1,0,1,1,0,0,1,0,0,0,0,1,1,0,0,1,0,1,1,0,0,1
298,3518,1,1,1,0,1,1,1,1,0,0,1,1,0,0,1,1,1,0,1,1,1,1,1,0,0,0
299,3519,1,1,1,0,0,1,1,0,0,1,1,0,0,1,1,1,1,1,1,1,1,1,1,0,0,1
300,3553,0,0,1,1,0,0,1,0,0,0,1,0,0,1,0,1,0,0,0,1,1,0,1,0,0,1
301,3559,1,1,1,0,1,1,1,1,1,1,1,0,0,0,1,1,1,0,1,1,1,1,1,0,0,1
302,3562,0,0,0,0,0,0,1,1,0,0,0,0,0,1,1,0,0,0,1,0,1,0,0,0,0,0
303,3598,0,0,0,0,0,0,0,0,0,0,0,0,0,0,0,1,0,0,0,0,0,0,0,0,0,1
304,3636,1,1,0,0,0,1,1,1,0,0,0,0,0,0,1,1,1,0,1,0,1,1,1,0,0,0
305,3637,1,1,1,0,1,1,1,1,0,1,1,0,0,1,1,1,1,0,0,0,1,1,1,0,0,1
306,3639,1,0,1,0,1,1,1,1,1,1,1,0,0,0,1,1,1,0,1,1,1,1,1,0,0,1
307,3640,1,1,1,1,1,1,1,1,1,0,1,0,1,1,1,1,1,0,1,1,1,1,1,0,0,1
308,3647,1,0,0,0,1,1,1,1,1,1,1,0,0,0,1,1,1,0,1,0,1,0,0,0,0,1
309,3648,1,1,1,1,1,1,1,1,1,1,1,0,0,1,1,1,1,0,1,1,1,1,1,0,0,1
310,3652,1,1,1,1,1,1,1,1,0,0,1,0,0,1,1,1,1,1,1,1,1,1,1,0,0,1
311,3657,1,1,0,1,1,1,1,1,1,1,1,0,0,1,1,1,1,0,1,1,1,1,1,0,0,1
312,3658,1,1,0,1,0,1,0,0,0,0,0,0,0,0,0,1,0,0,0,1,0,0,0,0,0,1
313,3661,1,1,1,0,1,1,1,1,1,1,1,0,0,1,1,1,1,1,1,1,1,1,1,0,0,1
314,3672,1,1,1,1,1,1,1,1,0,1,1,0,0,1,1,1,1,1,1,1,1,1,1,0,0,1
315,3675,1,1,1,1,0,1,1,1,1,1,1,0,0,1,1,0,1,1,1,1,1,1,1,0,0,1
316,3676,1,1,1,1,1,1,1,1,1,1,1,0,0,1,1,1,1,1,1,1,1,1,1,0,0,1
317,3685,1,0,0,0,1,1,1,1,1,1,1,0,0,1,1,1,1,0,1,0,1,1,1,0,0,1
318,3687,1,0,0,0,0,0,0,0,0,0,1,0,0,0,0,0,0,0,1,0,0,0,0,0,0,0
319,3690,1,1,1,1,0,1,1,1,1,1,1,0,0,1,1,1,1,0,1,1,1,1,1,0,0,0
320,3696,1,1,1,0,1,1,1,1,0,1,1,0,0,1,1,1,1,1,1,1,1,1,1,0,0,1
321,3698,1,0,1,0,0,1,1,1,1,0,1,0,0,0,0,1,1,0,1,0,1,1,0,0,0,0
322,3702,1,1,1,1,1,1,1,1,1,1,1,0,1,1,1,1,1,1,1,1,1,1,1,0,0,1
323,3706,1,0,0,0,1,1,1,1,1,0,1,0,0,1,1,1,1,0,1,1,1,1,1,0,0,1
324,3715,1,1,1,1,1,1,1,1,1,1,1,0,1,1,1,1,1,0,1,1,1,1,1,0,0,1
325,3724,1,1,0,1,1,1,1,1,1,0,1,0,0,1,1,1,1,1,1,1,1,1,1,0,0,1
326,3730,0,1,0,0,0,1,1,1,0,1,1,0,0,0,1,1,1,0,0,0,0,0,1,0,0,1
327,3734,1,1,0,1,1,1,1,1,1,0,1,0,0,1,1,1,1,0,1,1,1,1,1,0,0,1
328,3736,1,1,1,1,1,1,1,1,1,1,1,0,0,1,1,1,1,1,1,1,1,1,1,0,0,1
329,3737,1,1,0,0,1,1,1,1,1,0,1,0,0,1,1,1,1,1,1,1,1,1,1,0,0,1
330,3739,1,1,0,0,0,1,1,1,0,0,1,0,0,0,0,1,1,0,0,0,1,0,1,0,0,1
331,3741,1,1,1,1,1,1,1,1,1,1,1,0,0,1,1,1,1,1,1,1,1,1,1,0,0,1
332,3742,1,1,0,0,0,1,1,1,1,0,1,0,0,1,1,1,1,1,1,1,1,1,1,0,0,1
333,3746,1,1,1,0,1,1,1,1,1,1,1,0,0,1,1,1,1,0,1,1,1,1,1,0,0,1
334,3749,1,1,1,0,1,1,1,1,0,1,1,0,0,1,1,1,1,0,1,0,1,1,1,0,0,1
335,3750,1,1,1,0,1,1,1,1,1,1,1,0,0,1,1,1,1,0,1,1,1,1,1,0,0,1
336,3759,0,1,1,0,0,1,1,0,0,1,1,0,0,0,1,1,1,0,1,1,0,0,1,0,0,1
337,3763,1,0,0,0,0,1,1,1,0,0,1,0,0,0,1,1,0,0,1,1,1,0,0,0,0,0
338,3767,1,1,0,1,1,1,1,1,0,0,1,0,0,1,0,0,1,0,1,1,1,0,1,0,0,0
339,3779,0,1,0,0,1,0,1,0,0,1,1,0,0,0,1,1,1,0,1,0,1,1,0,0,0,1
340,3780,0,0,0,0,0,0,0,0,0,0,0,0,0,0,1,1,0,0,0,0,1,0,1,0,0,1
341,3783,1,1,0,0,0,0,1,1,0,0,1,0,0,0,1,0,1,0,0,0,1,0,0,0,0,0
342,3784,1,1,1,0,1,1,1,1,1,1,1,0,0,1,1,1,1,0,1,1,1,1,1,0,0,1
343,3793,1,1,1,1,1,1,1,1,0,1,1,0,1,1,1,1,1,1,1,1,1,1,1,0,0,1
344,3821,1,0,1,0,0,1,1,1,0,1,1,0,0,1,0,1,1,0,1,0,1,1,1,0,0,0
345,3823,1,1,0,1,1,1,1,1,0,0,1,0,1,1,0,1,1,1,1,1,1,1,0,0,0,1
346,3825,1,1,0,1,1,1,1,1,1,1,1,0,1,1,1,1,1,1,1,1,1,1,1,0,0,1
347,3826,1,1,1,1,1,1,1,1,1,1,1,0,1,1,1,1,1,1,1,1,1,1,1,0,0,1
348,3827,1,0,0,1,0,1,1,1,0,1,1,0,0,1,1,1,1,0,1,1,1,1,0,0,0,1
349,3869,1,1,1,1,1,1,1,1,0,1,1,1,0,1,1,1,1,0,1,1,1,1,1,0,0,1
350,3877,1,1,0,0,1,1,1,1,0,0,1,0,1,1,1,1,1,0,1,1,1,1,1,0,0,1
351,3878,1,1,1,1,1,1,1,1,1,1,1,0,1,1,1,1,1,0,1,1,1,1,1,0,0,1
352,3883,1,1,1,1,1,1,1,1,1,1,1,0,0,1,1,1,1,0,1,1,1,1,1,0,0,1
353,3890,1,1,1,0,1,1,1,0,0,1,1,0,0,1,1,1,1,0,1,0,1,0,1,0,0,0
354,3899,1,1,1,1,1,1,1,1,0,1,1,0,1,1,1,1,1,0,1,1,1,1,1,0,0,1
355,3902,1,1,1,0,1,1,1,1,1,1,1,0,0,1,1,1,1,0,1,1,1,1,1,0,0,1
356,3911,1,1,1,1,1,1,1,1,1,1,1,0,1,1,1,1,1,0,1,1,1,1,1,0,0,1
357,3914,1,1,0,0,0,1,1,1,0,0,1,0,0,1,1,1,1,0,1,1,1,1,0,0,0,1
358,3915,1,0,0,0,0,1,1,1,0,0,1,0,0,0,1,1,0,0,0,0,1,0,1,0,0,1
359,3928,1,1,0,1,1,1,1,1,0,0,1,0,0,1,1,1,1,0,1,1,1,1,1,0,0,0
360,3929,1,1,1,0,1,1,1,1,1,1,1,0,1,1,1,1,1,0,1,1,1,1,1,0,0,1
361,3937,1,1,1,0,1,1,1,1,1,1,1,0,0,1,1,1,1,0,1,1,1,1,1,0,0,1
362,3948,1,1,0,1,1,1,1,1,1,1,1,0,1,1,1,1,1,1,1,1,1,1,1,0,0,1
363,3950,1,0,0,0,0,0,1,1,0,0,1,0,0,0,0,0,1,0,1,0,1,1,1,0,0,0
364,3954,1,1,0,1,0,1,1,1,0,1,1,0,0,1,1,1,1,1,0,1,0,1,1,0,0,1
365,3956,1,1,0,1,1,1,1,1,1,1,1,0,0,1,1,1,1,0,1,1,1,1,1,0,0,1
366,3957,1,0,0,0,0,1,1,1,0,0,0,0,0,0,0,1,1,0,0,0,1,1,1,0,0,1
367,3958,1,1,1,1,1,1,1,1,1,1,1,0,1,1,1,1,1,0,1,1,1,1,1,0,0,1
368,3961,1,1,1,0,1,1,1,1,1,1,1,0,0,1,1,1,1,0,1,1,1,1,1,0,0,1
369,3962,1,1,1,1,1,1,1,1,1,1,1,0,1,1,1,1,1,0,1,1,1,1,1,0,0,1
370,3964,1,1,1,0,1,1,1,1,1,1,1,0,0,1,1,1,1,0,1,1,1,1,1,0,0,1
371,3998,1,1,0,0,0,0,0,1,1,0,1,0,0,1,0,1,1,0,0,1,1,0,1,0,0,0
372,4004,1,0,0,0,0,0,0,0,0,0,0,0,0,0,0,0,0,0,0,0,0,0,0,0,0,0
373,4011,1,1,1,0,1,1,1,1,0,1,1,0,0,1,1,1,1,1,1,1,1,1,1,0,0,1
374,4030,1,1,0,0,1,0,0,1,0,0,0,0,0,0,1,1,0,0,0,1,0,0,0,0,0,0
375,4032,0,1,1,0,0,0,1,1,0,1,1,0,0,0,1,1,1,0,1,1,0,0,1,0,0,0
376,4033,1,1,0,0,1,1,1,1,1,0,1,0,0,1,0,1,1,0,1,1,1,1,1,0,0,0
377,4034,0,0,1,0,0,1,0,0,0,0,0,0,0,0,0,0,0,0,0,0,0,0,0,0,0,0
378,4036,1,0,1,1,1,1,1,1,0,1,1,0,1,1,1,1,1,0,0,1,1,1,1,0,0,1
379,4043,0,0,1,1,0,1,0,0,0,1,0,0,0,0,0,1,1,0,0,1,0,0,1,0,0,0
380,4044,1,1,1,0,1,1,1,1,1,1,1,0,1,1,1,1,1,1,1,1,1,1,1,0,0,1
381,4046,1,1,1,0,0,1,1,1,0,1,1,0,0,1,1,1,1,1,0,1,1,1,1,0,0,1
382,4052,1,1,1,1,1,1,1,1,1,1,1,0,1,1,1,1,1,0,1,1,1,1,1,0,0,1
383,4053,1,1,0,1,1,1,1,1,1,1,1,0,0,1,1,1,1,0,1,1,1,1,1,0,0,0
384,4054,1,1,1,1,1,1,1,1,1,1,1,0,1,1,1,1,1,1,1,1,1,1,1,0,0,1
385,4057,1,1,1,0,0,1,1,1,0,1,0,0,0,0,0,1,1,0,1,1,0,1,0,0,0,1
386,4058,0,1,0,0,0,1,1,1,1,1,0,0,0,1,1,1,1,0,1,1,1,0,1,0,0,1
387,4060,1,1,0,1,1,1,1,1,0,1,1,0,0,1,1,1,1,0,1,1,1,1,1,0,0,0
388,4062,0,1,1,0,0,1,1,1,0,0,1,0,0,1,1,1,1,1,1,1,1,1,1,0,0,1
389,4064,1,1,0,1,1,1,1,1,0,0,1,0,0,1,1,1,1,0,1,1,1,1,1,0,0,1
390,4075,1,1,1,1,1,1,1,1,1,1,1,1,1,1,1,1,1,0,1,1,1,1,1,0,0,1
391,4078,1,1,1,1,1,1,1,1,0,1,1,0,0,1,1,1,1,0,1,1,1,1,1,0,0,1
392,4086,1,1,1,0,0,1,1,1,1,0,1,0,0,1,1,1,1,0,1,0,0,1,1,0,0,1
393,4091,1,1,1,0,1,1,1,1,0,1,1,0,0,1,1,1,1,0,1,1,1,1,1,0,0,1
394,4095,1,1,0,0,0,1,1,1,1,1,1,0,0,1,1,1,1,0,1,1,1,1,1,0,0,1
395,4100,0,0,0,0,1,1,1,1,0,0,1,0,0,0,1,1,1,0,0,1,1,0,1,0,0,1
396,4101,1,0,0,0,0,1,1,1,0,0,0,0,0,1,0,0,0,0,1,0,0,1,0,0,0,0
397,4107,1,1,1,0,0,1,1,1,0,1,1,0,0,1,1,0,1,0,0,1,1,1,1,0,0,1
398,4112,1,1,1,0,1,1,1,1,1,1,1,0,1,1,1,1,1,0,1,1,1,1,1,0,0,1
399,4114,1,0,0,0,0,0,1,1,0,0,1,0,0,1,0,0,1,0,1,1,1,1,1,0,0,1
400,4121,1,0,1,0,1,1,1,1,1,1,1,0,0,0,1,1,1,0,1,0,1,1,0,0,0,1
401,4138,1,1,0,1,1,1,1,1,0,1,1,0,0,1,1,1,1,1,1,1,0,1,1,0,0,1
402,4140,1,0,0,0,0,1,1,1,1,1,1,0,0,0,1,1,1,0,0,0,1,1,0,0,0,1
403,4158,1,1,1,1,1,1,1,1,1,1,1,0,0,1,1,1,1,0,1,1,1,1,1,0,0,1
404,4159,1,1,0,1,1,1,1,1,1,1,1,0,1,1,1,1,1,0,1,1,1,1,1,0,0,1
405,4160,1,0,0,0,0,1,1,0,1,0,1,0,0,0,0,1,0,0,0,0,1,0,1,0,0,1
406,4163,1,1,0,0,1,1,1,1,0,1,1,0,0,1,1,1,1,0,1,0,1,1,1,0,0,0
407,4168,1,1,0,1,1,1,1,1,1,1,1,1,0,0,1,1,1,0,0,1,1,1,1,0,0,1
408,4170,1,1,1,0,1,1,1,1,1,1,1,0,0,1,1,1,1,0,1,1,1,1,1,0,0,1
409,4171,1,1,1,0,1,1,1,1,0,1,1,1,0,1,1,1,1,1,1,1,1,1,1,0,0,1
410,4173,1,1,0,1,1,1,1,1,0,1,1,0,0,1,1,1,1,0,1,1,1,1,1,0,0,1
411,4174,1,1,0,0,0,0,1,1,0,0,0,0,0,0,0,0,1,0,0,0,0,0,0,0,0,1
412,4178,1,1,1,0,1,1,1,1,0,1,1,0,1,1,1,1,1,1,1,1,1,1,1,0,0,1
413,4189,1,1,0,0,0,0,1,1,0,0,1,0,0,1,0,1,0,0,0,0,1,0,0,0,0,1
414,4192,1,1,1,1,0,1,1,1,1,1,1,0,0,1,1,1,1,1,1,1,1,1,1,0,0,1
415,4195,1,1,0,0,1,1,1,0,0,1,1,0,0,1,1,1,1,0,1,1,1,1,1,0,0,1
416,4196,1,0,0,1,0,1,1,1,1,1,1,0,0,1,1,1,1,1,1,0,1,1,1,0,0,1
417,4197,1,1,0,0,1,0,1,0,1,0,0,0,0,0,0,1,1,0,0,0,1,1,0,0,0,1
418,4200,1,1,1,1,1,1,1,1,1,1,1,0,0,1,1,1,1,1,1,1,1,1,1,0,0,1
419,4201,1,1,0,1,1,1,1,1,1,0,1,0,0,1,1,1,1,0,1,1,1,1,1,0,0,1
420,4205,1,1,1,1,1,1,1,1,1,1,1,0,0,1,1,1,1,0,1,1,1,1,1,0,0,1
421,4211,0,0,0,0,0,1,1,1,0,0,1,0,0,1,1,1,1,0,0,1,1,0,1,0,0,0
422,4212,1,1,1,1,1,1,1,1,1,1,1,0,0,1,1,1,1,0,1,1,1,1,1,0,0,1
423,4236,1,1,1,1,1,1,1,1,0,1,1,0,0,1,1,1,1,1,1,1,1,1,1,0,0,1
424,4253,1,1,1,1,0,1,1,1,1,1,1,0,0,1,1,1,1,0,1,1,1,1,1,0,0,1
425,4259,1,1,1,1,1,1,1,1,1,1,1,0,1,1,1,1,1,1,1,1,1,1,1,0,0,1
426,4264,1,1,0,1,0,1,1,1,1,0,1,0,0,1,0,1,1,0,1,1,0,0,0,0,0,1
427,4409,1,1,0,0,1,1,1,1,1,1,1,0,1,1,1,1,1,1,1,1,1,1,1,0,0,1
428,4411,1,0,1,0,1,1,1,1,0,1,1,1,0,1,1,1,1,0,0,1,1,0,1,0,0,1
429,4419,1,1,1,1,1,1,1,1,1,1,1,0,0,1,1,1,1,1,1,1,1,1,1,0,0,1
430,4421,1,1,0,0,0,1,1,1,0,0,1,0,0,1,1,1,1,0,1,1,1,1,1,0,0,1
431,4425,0,1,0,0,0,1,1,1,1,1,1,0,0,1,1,1,1,0,1,1,1,1,0,0,0,1
432,4428,1,1,1,0,1,1,1,1,1,1,1,0,0,1,1,1,1,1,1,1,1,1,1,0,0,1
433,4436,0,0,0,0,0,1,1,0,0,0,0,0,0,0,0,1,1,0,1,0,0,1,0,0,0,1
434,4440,1,1,1,1,1,1,1,1,1,1,1,0,1,1,1,1,1,0,1,1,1,1,1,0,0,1
435,4449,1,1,1,1,1,1,1,1,1,1,1,0,1,1,1,1,1,0,1,1,1,1,1,0,0,1
436,4451,1,1,1,1,1,1,1,1,0,1,1,0,0,1,1,1,1,0,1,1,1,1,1,0,0,1
437,4463,1,1,0,1,1,1,1,1,0,0,1,0,0,1,1,1,1,0,0,1,1,1,1,0,0,1
438,4473,1,1,1,1,1,1,1,1,1,1,1,0,0,1,1,1,1,0,0,1,1,1,1,0,0,1
439,4485,1,1,1,1,1,1,1,1,1,1,1,1,0,1,1,1,1,1,1,1,1,1,1,0,0,1
440,4493,1,1,1,0,1,1,1,1,0,1,1,0,0,1,1,1,1,0,1,1,1,1,1,0,0,1
441,4497,1,0,1,0,0,1,1,1,0,0,1,0,1,1,1,1,1,0,1,0,1,1,1,0,0,1
442,4506,0,0,1,0,1,1,1,1,0,1,1,1,0,0,1,1,1,1,1,1,1,1,1,0,0,1
443,4509,1,1,1,1,1,1,1,1,0,1,1,0,1,1,1,1,1,0,0,1,1,1,1,0,0,1
444,4510,1,0,1,1,0,1,1,1,0,0,1,0,0,1,1,1,1,0,1,0,1,1,1,0,0,1
445,4513,1,1,1,0,1,1,1,1,0,1,1,0,0,1,1,1,1,0,1,1,0,1,1,0,0,1
446,4536,1,1,1,0,0,0,1,1,1,1,1,0,1,1,0,0,1,0,1,1,0,1,1,0,0,1
447,4539,1,1,1,0,1,1,1,1,0,1,1,0,0,1,1,1,1,1,1,1,1,1,1,0,0,1
448,4542,1,1,0,1,1,1,1,1,1,1,1,0,0,1,1,1,1,0,1,1,1,1,1,0,0,1
449,4543,1,1,1,0,1,1,1,1,0,1,1,0,0,1,1,1,1,1,1,1,1,1,1,0,0,1
450,4547,1,1,0,0,1,0,1,1,0,1,1,0,0,1,1,1,1,0,1,0,1,1,1,0,0,1
451,4583,1,1,1,1,1,1,1,1,1,1,1,0,1,1,1,1,1,1,1,1,1,1,1,0,0,1
452,4585,1,1,1,1,1,1,1,1,1,1,1,0,1,1,1,1,1,0,1,1,1,1,1,0,0,1
453,4594,1,1,1,1,1,1,1,1,1,1,1,0,1,1,1,1,1,0,1,1,1,1,1,0,0,1
454,4595,1,1,1,1,1,1,1,1,1,1,1,0,0,1,1,1,1,0,1,1,1,1,1,0,0,1
455,4599,1,1,1,1,0,1,1,1,0,1,1,0,0,1,1,1,1,0,1,1,1,1,1,0,0,1
456,4601,1,1,1,0,0,1,1,1,0,1,0,0,0,1,0,1,1,0,1,1,1,1,0,0,0,1
457,4603,1,1,0,0,1,1,1,1,1,1,1,0,0,0,1,1,1,1,1,1,1,1,1,0,0,1
458,4607,1,1,0,1,1,1,1,1,0,0,1,0,0,1,1,1,1,0,1,1,1,1,1,0,0,0
459,4609,1,1,1,1,1,1,1,1,1,1,1,0,0,1,1,1,1,0,1,1,1,1,1,0,0,1
460,4614,1,1,1,0,1,1,1,1,1,1,1,0,1,1,1,1,1,1,1,1,1,1,1,0,0,1
461,4616,0,1,1,0,1,1,1,1,0,0,1,0,0,1,1,1,1,0,0,0,0,0,0,0,0,1
462,4623,1,1,0,0,0,0,1,0,0,0,1,0,0,1,0,1,0,0,1,1,0,0,0,0,0,0
463,4634,1,1,0,0,0,1,1,1,0,1,1,0,0,1,1,1,1,1,1,1,1,1,1,0,0,1
464,4635,1,1,1,1,1,1,1,1,1,1,1,0,0,1,1,1,1,0,1,1,1,1,1,0,0,1
465,4638,1,0,1,0,0,1,1,1,1,0,1,0,0,0,1,1,1,0,1,1,1,1,1,0,0,0
466,4645,1,1,0,1,0,0,1,1,0,0,1,0,0,1,1,1,1,0,0,0,0,1,1,0,0,1
467,4666,1,1,1,1,1,1,1,1,1,1,1,0,0,1,1,1,1,1,1,1,1,1,1,0,0,1
468,4674,1,1,1,1,1,1,1,1,1,1,1,0,0,1,1,1,1,0,1,1,1,1,1,0,0,1
469,4675,1,0,0,0,0,1,1,0,0,0,1,0,0,0,0,0,1,0,0,0,1,0,1,0,0,0
470,4679,1,1,1,1,1,1,1,1,1,1,1,1,1,1,1,1,1,0,1,1,1,1,1,0,0,1
471,4689,0,0,0,0,0,0,1,0,0,0,0,0,0,0,0,1,1,0,0,0,0,0,0,0,0,0
472,4691,1,1,1,1,1,1,1,1,1,1,1,0,1,1,1,1,1,0,1,1,1,1,1,0,0,1
473,4723,1,0,0,0,0,1,1,1,0,1,1,0,0,0,0,1,1,0,0,0,1,1,0,0,0,1
474,4724,1,1,0,0,1,1,1,1,0,0,1,1,0,0,1,1,1,0,0,1,1,1,1,0,0,1
475,4725,1,1,0,1,0,0,0,1,0,0,1,0,0,1,0,0,0,0,0,0,0,0,0,0,0,1
476,4727,1,1,0,1,1,1,1,1,1,1,1,0,1,1,1,1,1,0,1,1,1,1,1,0,0,1
477,4730,1,0,0,0,0,1,1,1,0,0,1,0,0,1,0,1,0,0,0,0,0,1,0,0,0,0
478,4736,0,1,1,1,0,1,1,1,0,1,1,0,0,1,1,1,1,0,1,1,1,1,1,0,0,1
479,4737,1,1,0,0,0,1,1,1,0,1,1,0,0,0,1,1,1,1,1,1,1,1,0,0,0,1
480,4739,1,1,1,1,1,1,1,1,1,1,1,0,1,1,1,1,1,0,1,1,1,1,1,0,0,1
481,4740,1,1,1,0,1,1,1,1,1,1,1,0,0,1,1,1,1,0,1,1,1,1,1,0,0,1
482,4745,1,1,1,1,1,1,1,1,1,1,1,0,1,1,1,1,1,0,1,1,1,1,1,0,0,1
483,4748,1,1,1,1,1,1,1,1,1,1,1,0,0,1,1,1,1,0,1,1,1,1,1,0,0,1
484,4768,0,0,0,0,0,1,1,0,0,0,1,0,0,0,0,0,0,0,0,0,0,0,1,0,0,0
485,4771,0,1,0,0,0,1,1,1,0,1,0,0,0,0,0,1,1,0,0,1,0,1,0,0,0,1
486,4775,1,1,0,0,1,1,1,1,0,1,1,0,1,0,1,1,0,1,1,1,1,1,1,0,0,1
487,4812,1,1,0,0,0,0,0,0,0,0,1,0,0,0,1,0,1,0,0,0,1,1,1,0,0,0
488,4819,1,1,1,1,1,1,1,1,1,1,1,0,1,1,1,1,1,0,1,1,1,1,1,0,0,1
489,4828,1,0,1,0,1,1,1,1,0,1,1,1,0,1,1,1,1,1,1,1,1,1,1,0,0,1
490,4829,1,1,0,0,1,1,1,1,0,0,1,0,0,0,1,1,0,0,0,0,1,1,1,0,0,1
491,4834,1,1,0,0,1,1,1,1,1,1,1,0,1,1,1,1,1,0,1,1,0,0,1,0,0,1
492,4845,1,1,1,0,1,1,1,1,0,0,1,0,0,1,1,1,1,0,1,1,1,1,1,0,0,1
493,4856,1,1,1,0,1,1,1,1,1,1,1,0,0,1,1,1,1,1,1,1,1,1,1,0,0,1
494,4865,1,1,0,0,0,1,0,1,1,0,1,0,0,1,1,1,1,0,0,1,0,1,0,0,0,1
495,4870,1,0,0,0,1,1,1,1,1,1,1,0,0,0,1,1,1,0,1,0,1,0,0,0,0,1
496,4873,1,1,0,0,0,0,1,1,0,1,1,0,0,1,1,1,0,0,1,1,1,0,0,0,0,1
497,4885,1,1,1,1,1,1,1,1,1,1,1,1,1,1,1,1,1,1,1,1,1,1,1,0,0,1
498,4889,1,1,1,1,1,1,1,1,0,1,1,0,1,1,1,1,1,1,1,1,1,1,1,0,0,1
499,4891,1,0,0,1,0,1,1,1,1,1,1,0,0,1,0,1,1,0,1,0,0,0,0,0,0,1
500,4893,1,1,1,1,1,1,1,1,1,1,1,0,0,1,1,1,1,0,1,1,1,1,1,0,0,1
501,4894,1,1,1,1,1,1,1,1,1,1,1,0,1,1,1,1,1,0,1,1,1,1,1,0,0,1
502,4900,1,1,0,0,1,0,1,1,1,0,1,0,1,1,1,1,0,0,1,1,1,1,1,0,0,1
503,4908,0,0,0,0,0,0,1,1,0,0,1,0,0,0,0,0,1,0,0,0,0,0,1,0,0,0
504,4909,0,0,0,0,1,1,1,1,0,0,1,0,0,1,0,1,0,0,0,0,1,1,1,0,0,0
505,4911,1,1,0,0,1,1,1,1,0,0,1,0,0,1,1,1,1,0,0,1,1,1,0,0,0,1
506,4913,1,1,0,1,0,1,1,1,0,0,1,1,0,1,1,1,1,0,1,0,1,1,0,0,0,0
507,4914,1,1,1,1,0,1,1,1,0,0,1,0,0,1,1,1,1,1,1,1,1,1,1,0,0,1
508,4915,1,1,0,1,1,1,1,1,1,1,1,0,0,1,1,1,1,1,1,1,1,1,1,0,0,1
509,4917,0,1,1,1,1,1,1,1,1,1,1,0,0,1,1,1,1,0,1,1,1,1,1,0,0,1
510,4919,1,0,1,1,0,1,1,1,0,1,1,1,0,0,0,0,0,0,0,0,0,0,1,0,0,0
511,4920,1,1,1,1,1,1,1,1,1,1,1,1,1,1,1,1,1,1,1,1,1,1,1,0,0,1
512,4927,1,1,1,0,1,1,1,0,0,1,1,0,0,1,1,1,1,1,0,1,1,1,1,0,0,1
513,4932,1,1,1,1,1,1,1,1,1,1,1,0,1,1,1,1,1,1,1,1,1,1,1,0,0,1
514,4934,0,0,1,1,0,1,1,1,0,1,0,0,0,0,0,1,1,0,1,1,0,1,0,0,0,1
515,4935,0,0,0,0,0,0,1,0,1,0,0,0,0,0,1,1,0,0,0,0,0,0,0,0,0,0
516,4943,1,1,1,1,0,1,1,1,1,1,1,0,0,1,1,1,1,0,1,1,1,1,1,0,0,1
517,4946,1,1,0,1,1,1,1,1,0,1,1,1,0,0,1,1,1,1,1,1,1,1,1,0,0,1
518,4976,1,1,1,0,1,1,1,1,0,1,1,0,0,1,1,1,1,1,1,1,1,1,1,0,0,1
519,4991,1,0,1,1,1,1,1,1,0,1,1,0,0,1,1,1,1,1,1,1,1,1,0,0,0,1
520,4993,1,0,0,0,0,1,1,1,0,0,1,0,0,1,1,1,1,0,1,1,0,1,1,0,0,0
521,5002,1,1,1,0,1,1,1,1,1,1,1,0,0,1,1,1,1,1,1,1,1,1,1,0,0,1
522,5005,1,1,1,0,1,1,1,1,0,1,1,0,0,1,1,1,1,0,1,1,1,1,1,0,0,1
523,5029,1,1,1,1,1,1,1,1,1,1,1,0,1,1,1,1,1,0,1,1,1,1,1,0,0,1
524,5035,1,1,0,0,1,1,1,1,1,1,1,0,1,1,1,1,1,0,0,1,1,1,1,0,0,1
525,5038,1,1,1,0,1,1,1,1,0,1,1,0,0,1,1,1,1,1,1,1,1,1,1,0,0,1
526,5039,1,1,1,0,1,1,1,1,0,1,1,0,0,1,1,1,1,0,1,1,1,1,0,0,0,1
527,5040,1,1,1,0,1,1,1,1,1,1,1,0,1,1,1,1,1,0,1,1,1,1,1,0,0,1
528,5052,1,0,0,0,1,1,1,1,0,1,1,0,0,1,1,1,1,1,1,1,0,1,1,0,0,1
529,5064,1,1,1,1,1,1,1,1,1,1,1,0,1,1,1,1,1,1,1,1,1,1,1,0,0,1
530,5070,1,1,1,1,1,1,1,1,1,1,1,1,1,1,1,1,1,1,1,1,1,1,1,0,0,1
531,5071,1,1,0,0,0,1,1,1,0,1,1,0,0,0,1,1,1,0,0,1,1,1,1,0,0,1
532,5073,1,1,1,1,1,1,1,1,1,1,1,0,1,1,1,1,1,1,1,1,1,1,1,0,0,1
533,5076,1,1,1,1,1,1,1,1,1,1,1,0,0,1,1,1,1,1,1,1,1,1,1,0,0,1
534,5077,1,1,1,1,1,1,1,1,1,1,1,0,1,1,1,1,1,1,1,1,1,1,1,0,0,1
535,5078,1,1,1,0,1,1,1,1,1,1,1,0,0,1,1,1,1,0,1,1,1,1,1,0,0,1
536,5090,1,1,1,1,1,1,1,1,1,1,1,1,1,1,1,1,1,0,1,1,1,1,1,0,0,1
537,5095,1,1,1,1,1,1,1,1,1,1,1,1,1,1,1,1,1,1,1,1,1,1,1,0,0,1
538,5152,1,1,1,0,1,1,1,1,1,1,1,0,0,1,1,1,1,0,1,1,1,1,1,0,0,1
539,5155,1,1,0,1,1,1,1,1,0,1,1,0,0,1,1,1,1,0,1,1,1,1,1,0,0,1
540,5193,1,1,0,0,0,1,1,1,0,1,1,0,0,0,1,1,1,1,1,1,1,1,0,0,0,1
541,5195,1,1,1,1,1,1,1,1,1,1,1,1,1,1,1,1,1,1,1,1,1,1,1,0,0,1
542,5203,1,1,1,1,1,1,1,1,1,1,1,0,1,1,1,1,1,1,1,1,1,1,1,0,0,1
543,5206,1,1,1,1,0,1,1,1,1,1,1,0,0,1,1,1,1,0,1,1,1,1,1,0,0,1
544,5210,1,1,1,1,1,1,1,1,1,1,1,0,0,1,1,1,1,1,1,1,1,1,1,0,0,1
545,5212,1,1,1,1,1,1,1,1,1,1,1,0,0,1,1,1,1,1,1,1,1,1,1,0,0,1
546,5215,1,0,0,1,1,1,1,1,0,0,1,1,0,1,1,1,1,0,0,1,1,1,1,0,0,1
547,5234,1,1,0,0,0,0,1,0,0,0,1,0,0,1,1,1,0,0,1,0,1,0,0,0,0,0
548,5245,1,1,1,1,1,1,1,1,1,1,1,0,1,1,1,1,1,0,1,1,1,1,1,0,0,1
549,5253,1,1,0,0,1,1,1,1,1,1,1,1,0,1,1,1,1,0,1,0,1,1,1,0,0,1
550,5267,1,0,0,0,1,1,1,1,1,0,1,0,0,0,0,1,0,0,0,1,0,1,1,0,0,1
551,5291,1,1,1,0,1,1,1,1,1,1,1,1,0,1,1,1,1,0,1,1,1,1,1,0,0,1
552,5297,1,1,1,0,0,1,1,1,0,0,1,0,0,1,0,0,1,0,1,0,0,1,1,0,0,1
553,5300,1,1,0,0,0,1,1,1,0,0,1,1,0,1,1,1,1,0,0,1,1,1,1,0,0,0
554,5314,1,0,0,0,0,1,1,1,0,0,1,0,0,0,1,1,1,0,1,0,1,1,0,0,0,0
555,5318,0,0,0,0,0,0,0,0,0,0,0,0,0,1,0,0,0,0,0,0,0,0,0,0,0,0
556,5320,0,0,0,1,1,0,0,0,0,0,1,0,0,1,1,1,0,0,0,0,1,0,1,0,0,0
557,5333,0,0,0,0,0,0,0,0,0,0,1,0,0,0,0,0,0,0,0,0,0,0,0,0,0,0
558,5342,1,0,0,0,1,0,1,0,0,0,0,0,1,0,0,1,0,0,0,0,1,1,0,0,0,0
559,5344,1,1,0,1,1,1,1,1,0,1,1,0,0,1,1,1,1,1,1,1,1,1,1,0,0,1
560,5352,1,1,1,1,1,1,1,1,1,1,1,0,1,1,1,1,1,1,1,1,1,1,1,0,0,1
561,5358,1,1,1,1,1,1,1,1,1,1,1,0,1,1,1,1,1,1,1,1,1,1,1,0,0,1
562,5359,1,1,0,0,0,0,1,0,1,0,0,0,0,1,1,0,1,0,0,0,0,0,0,0,0,0
563,5372,1,1,1,1,1,1,1,1,1,1,1,0,1,1,1,1,1,1,1,1,1,1,1,0,0,1
564,5376,1,1,1,1,1,1,1,1,1,1,1,0,1,1,1,1,1,0,1,1,1,1,1,0,0,1
565,5379,1,1,1,1,1,1,1,1,1,1,1,0,0,1,1,1,1,0,1,1,1,1,1,0,0,1
566,5381,1,1,0,0,0,0,1,0,1,0,1,0,1,0,0,1,0,0,0,0,0,0,0,0,0,0
567,5391,0,1,1,0,0,1,1,1,0,0,1,0,0,0,1,1,1,1,1,1,1,1,1,0,0,1
568,5394,1,1,1,1,0,1,1,1,1,1,1,0,1,1,1,1,1,1,1,1,1,1,1,0,0,1
569,5396,1,0,0,1,0,1,1,1,1,0,1,0,0,1,1,1,1,0,1,1,1,1,1,0,0,1
570,5401,1,1,1,1,1,1,1,1,1,1,1,0,0,1,1,1,1,0,1,1,1,1,1,0,0,1
571,5402,1,1,1,1,1,1,1,1,0,1,1,0,0,1,1,1,1,0,1,1,1,1,1,0,0,1
572,5403,0,1,1,0,0,1,1,1,0,0,0,0,0,0,1,1,1,0,1,1,0,1,0,0,0,1
573,5404,0,1,0,0,0,1,0,0,0,0,1,0,0,1,0,1,1,0,0,0,0,0,0,0,0,1
574,5408,1,1,1,1,1,1,1,1,1,1,1,0,1,1,1,1,1,0,1,1,1,1,1,0,0,1
575,5412,1,1,0,1,1,1,1,1,0,0,1,0,0,1,1,1,1,0,0,1,0,1,1,0,0,1
576,5419,0,1,0,0,0,1,0,0,0,0,1,0,0,1,0,1,0,0,1,0,0,1,0,0,0,1
577,5426,1,1,1,1,1,1,1,1,1,1,1,1,0,1,1,1,1,1,1,1,1,1,1,0,0,1
578,5430,1,1,1,0,1,1,1,1,0,0,1,1,0,1,1,1,1,0,1,1,1,1,1,0,0,1
579,5452,0,1,1,1,1,1,1,1,0,1,1,0,0,1,1,1,1,0,1,1,1,1,1,0,0,1
580,5453,1,1,1,1,1,1,1,1,1,0,1,0,0,1,1,1,1,0,1,1,1,1,1,0,0,1
581,5454,1,0,1,1,1,1,1,1,1,1,1,0,0,1,1,1,1,0,1,1,1,1,1,0,0,1
582,5466,1,1,1,1,1,1,1,1,1,1,1,0,0,1,1,1,1,0,1,1,1,1,1,0,0,1
583,5472,1,1,1,1,0,1,1,1,1,1,1,0,1,1,1,1,1,0,1,1,1,1,1,0,0,1
584,5478,1,1,1,1,1,1,1,1,1,1,1,1,0,1,1,1,1,1,1,1,1,1,1,0,0,1
585,5479,1,1,1,0,1,1,1,1,0,1,1,1,0,1,1,1,1,0,1,1,1,1,1,0,0,1
586,5486,1,1,0,1,0,1,1,1,1,0,1,0,0,1,0,1,1,0,1,0,1,1,0,0,0,1
587,5487,1,1,1,1,1,1,1,1,1,1,1,0,1,1,1,1,1,1,1,1,1,1,1,0,0,1
588,5496,1,1,0,1,1,1,1,1,0,0,1,0,0,1,1,1,1,1,1,1,1,1,1,0,0,1
589,5503,0,0,0,0,1,0,1,1,0,0,1,0,0,1,1,1,1,0,1,0,1,0,1,0,0,1
590,5504,1,0,0,0,0,1,1,1,1,0,1,0,0,0,0,1,0,0,1,0,1,0,0,0,0,1
591,5505,0,0,0,0,1,0,1,1,0,0,1,0,0,1,1,1,1,0,1,0,1,0,0,0,0,1
592,5508,1,0,0,0,1,1,1,1,0,1,1,0,1,1,1,1,1,0,1,1,1,0,1,0,0,1
593,5512,1,1,0,1,0,1,1,1,0,1,1,0,0,1,0,1,1,0,1,1,1,1,1,0,0,1
594,5514,1,1,1,1,1,1,1,1,1,1,1,1,1,1,1,1,1,1,1,1,1,1,1,0,0,1
595,5515,1,1,0,0,0,1,1,1,1,1,1,0,0,1,1,1,1,0,1,0,1,1,1,0,0,1
596,5516,0,1,1,0,1,1,1,1,0,1,1,0,0,1,1,1,1,0,1,1,1,0,1,0,0,0
597,5523,1,1,1,1,1,1,1,1,1,1,1,0,1,1,1,1,1,1,1,1,1,1,1,0,0,1
598,5525,1,1,1,1,1,1,1,1,1,1,1,0,0,1,1,1,1,0,1,1,1,1,1,0,0,1
599,5526,0,0,0,0,0,0,1,1,0,0,1,1,1,0,0,1,1,0,0,1,1,0,1,0,0,0
600,5530,1,1,1,0,1,1,1,1,1,1,1,0,0,0,1,1,1,0,1,1,1,1,1,0,0,1
601,5533,1,1,1,1,1,1,1,1,0,1,1,0,0,1,1,1,1,1,1,1,1,1,1,0,0,1
602,5538,1,1,1,1,1,1,1,1,1,1,1,0,1,1,1,1,1,1,1,1,1,1,1,0,0,1
603,5544,1,1,1,1,1,1,1,1,1,0,1,0,1,1,1,1,1,0,1,1,1,1,1,0,0,1
604,5546,1,0,0,0,0,1,1,1,0,0,1,0,0,0,0,1,1,0,1,0,0,1,1,0,0,1
605,5556,1,1,1,0,0,1,1,1,0,1,1,0,0,1,1,1,1,1,1,1,0,1,1,0,0,1
606,5566,1,1,1,1,1,1,1,1,1,1,1,0,0,1,1,1,1,0,1,1,1,1,1,0,0,1
607,5572,1,0,1,0,0,1,1,1,0,1,1,0,0,0,0,1,1,0,1,1,0,1,1,0,0,1
608,5578,1,0,0,0,0,1,1,1,0,0,1,0,0,1,1,1,1,0,0,1,1,1,1,0,0,0
609,5582,1,1,0,0,0,1,1,1,0,1,1,0,0,1,1,0,0,0,0,1,1,1,1,0,0,1
610,5584,1,1,1,0,1,1,1,1,0,1,1,0,0,1,1,1,1,1,1,1,1,1,1,0,0,1
611,5591,1,1,0,0,0,1,1,1,0,0,1,0,0,0,1,1,0,0,0,0,0,1,1,0,0,0
612,5593,0,0,1,1,0,0,1,1,0,0,0,0,0,0,0,1,1,0,0,0,0,0,0,0,0,1
613,5596,1,1,1,0,1,1,1,1,0,1,1,0,0,1,1,1,1,0,1,1,1,1,1,0,0,1
614,5625,1,1,1,1,1,1,1,1,1,1,1,0,1,1,1,1,1,1,1,1,1,1,1,0,0,1
615,5636,1,1,0,1,0,1,0,1,1,1,1,0,0,1,1,1,1,0,1,1,1,1,1,0,0,1
616,5645,1,1,1,0,1,1,1,1,1,1,1,0,1,1,1,1,1,0,1,1,1,1,1,0,0,1
617,5647,1,1,0,0,0,1,1,1,0,1,1,0,0,1,1,1,1,0,1,1,1,1,1,0,0,1
618,5650,1,1,1,1,0,1,1,1,0,1,1,0,0,1,1,1,1,0,1,1,1,1,1,0,0,1
619,5651,1,1,0,0,1,1,1,1,1,0,1,0,0,1,1,1,1,1,0,1,1,1,1,0,0,0
620,5656,1,1,1,1,1,1,1,1,1,1,1,0,1,1,1,1,1,1,1,1,1,1,1,0,0,1
621,5665,1,1,0,0,0,1,1,1,0,1,1,0,0,1,1,1,1,0,1,1,1,1,1,0,0,1
622,5672,1,1,0,1,1,1,1,1,0,1,1,0,1,1,1,1,1,0,1,1,1,1,1,0,0,1
623,5717,1,1,0,0,1,1,1,1,1,0,1,0,0,1,1,1,1,0,1,1,0,1,1,0,0,1
624,5718,1,1,1,1,1,1,1,1,1,1,1,0,0,1,1,1,1,1,1,1,1,1,1,0,0,1
625,5719,1,1,1,0,1,1,1,1,1,1,1,0,1,1,1,1,1,0,1,1,1,1,1,0,0,1
626,5721,1,1,0,1,0,1,1,1,1,1,1,0,0,1,1,1,1,1,1,1,1,1,1,0,0,0
627,5726,1,1,1,0,1,1,1,1,1,1,1,0,0,1,1,1,1,1,1,1,1,1,1,0,0,1
628,5731,1,1,1,1,1,1,1,1,1,1,1,0,0,1,1,1,1,0,1,1,1,1,1,0,0,1
629,5732,1,1,1,1,1,1,1,1,1,1,1,0,1,1,1,1,1,0,1,1,1,1,1,0,0,1
630,5734,1,1,1,1,1,1,1,1,0,1,1,0,0,1,1,1,1,0,1,1,1,1,1,0,0,1
631,5735,1,1,1,1,1,1,1,1,1,1,1,0,0,1,1,1,1,1,1,1,1,1,1,0,0,1
632,5746,1,1,1,0,0,1,1,1,0,0,1,0,0,0,1,1,0,0,1,1,1,1,1,0,0,1
633,5771,1,0,1,0,0,0,1,1,1,1,1,0,0,0,0,0,1,0,1,1,0,1,0,0,0,1
634,5775,0,1,0,0,0,0,1,1,0,0,1,0,0,1,0,1,1,0,1,0,1,1,0,0,0,1
635,5878,0,0,0,0,0,0,0,0,0,0,1,0,0,0,1,0,0,0,0,0,0,0,0,0,0,0
636,5978,1,1,0,0,1,1,1,1,0,1,1,1,0,1,1,1,1,1,1,1,1,1,1,0,0,1
637,6049,1,1,0,0,1,1,1,1,0,0,1,0,0,0,0,1,1,0,0,0,1,1,1,0,0,1
638,6058,1,1,1,0,0,1,1,1,1,1,1,0,0,0,0,1,1,1,1,1,1,1,1,0,0,1
639,6256,1,0,0,0,0,0,0,0,0,0,1,0,0,0,0,0,0,1,0,0,0,0,0,0,0,0
640,6476,1,0,1,1,0,1,1,1,0,1,1,0,0,1,1,1,1,0,1,1,0,1,0,0,0,1
641,6503,0,0,0,0,0,0,0,0,0,0,0,0,0,1,1,1,0,0,1,0,0,0,0,0,0,0
642,6691,1,1,0,1,1,1,1,1,1,1,1,0,0,1,1,1,1,1,1,0,1,1,1,0,0,1
643,7029,1,1,1,0,1,1,1,1,0,1,1,0,0,1,1,1,1,0,1,1,1,1,1,0,0,1
644,7187,0,0,0,0,0,0,0,0,0,0,1,0,0,1,0,0,0,0,0,1,0,0,0,0,0,0
645,7638,0,0,0,0,0,0,0,0,0,0,1,0,0,0,0,1,0,0,0,0,0,0,0,0,0,0
646,8612,0,1,1,0,0,1,1,1,0,0,1,0,0,1,1,1,1,1,1,1,1,1,1,0,0,1
647,8953,1,1,0,0,0,0,0,0,0,0,1,0,0,0,0,1,0,0,0,0,0,0,0,0,0,0
648,9034,0,1,0,0,0,1,1,1,0,1,1,0,0,1,1,1,1,0,0,1,1,1,0,0,0,1
649,9433,1,1,0,1,0,1,1,1,0,1,0,0,0,0,1,1,1,0,1,0,1,1,0,0,0,1
650,9904,0,0,0,0,0,0,1,1,1,0,1,0,0,0,1,1,0,0,1,1,1,1,1,0,0,0
651,10100,0,1,0,0,0,1,1,1,0,1,1,0,0,0,0,1,1,0,1,1,0,1,1,0,0,1
652,10548,0,0,0,0,0,1,0,1,0,1,0,0,0,0,1,0,0,0,0,1,0,0,0,0,0,0
653,10631,1,1,1,1,1,1,1,1,1,1,1,1,1,1,1,1,1,1,1,1,1,1,1,0,0,1
654,12536,1,1,1,1,0,1,1,1,0,1,1,0,0,1,0,1,1,0,0,1,1,0,1,0,0,1
655,12555,0,0,0,0,1,1,1,1,0,0,0,0,0,0,0,0,0,0,0,0,0,0,0,0,0,1
656,12620,1,0,0,0,0,0,0,0,0,0,1,0,0,1,0,0,0,0,0,1,0,0,0,0,0,1
657,13342,1,1,0,0,1,0,1,1,1,1,1,1,1,0,0,1,1,0,1,1,1,1,1,0,0,1
658,14888,1,1,1,0,1,1,1,1,1,1,1,0,0,1,1,1,1,0,1,1,1,1,1,0,0,1
659,16231,1,1,1,0,1,1,1,1,1,1,1,0,1,1,1,1,1,0,1,1,1,1,1,0,0,1
660,16362,1,1,1,0,1,1,1,1,1,1,1,0,0,1,1,1,1,0,1,0,1,1,0,0,0,1
661,16850,1,1,0,0,0,1,1,1,0,0,0,0,0,1,1,0,1,0,0,1,1,1,0,0,0,1
662,18140,1,1,0,0,0,1,1,1,0,1,1,0,0,1,1,1,1,0,0,1,1,1,1,0,0,1
663,19090,1,1,1,0,0,1,1,1,1,1,1,0,0,1,1,1,1,1,0,1,1,1,1,0,0,1
664,20585,1,1,0,0,0,1,1,1,1,0,1,0,1,1,1,1,1,0,1,1,1,1,1,0,0,1
665,22507,0,1,0,0,0,0,0,0,0,0,0,0,0,0,0,0,0,0,0,0,0,0,0,0,0,0
666,23897,1,1,1,0,0,1,1,1,1,1,1,0,0,0,1,0,0,0,0,1,1,1,1,0,0,1
667,24011,0,0,0,0,0,0,0,0,0,0,0,0,0,0,0,1,0,0,0,0,1,0,0,0,0,0
668,25419,1,1,0,0,0,0,1,1,1,0,1,0,0,1,1,1,1,0,0,1,0,1,1,0,0,1
669,25517,0,1,0,0,0,0,0,0,0,0,0,0,0,1,1,1,0,0,0,0,0,0,0,0,0,0
670,27400,0,0,0,0,0,1,1,1,0,0,1,0,0,0,0,0,1,0,1,1,1,1,1,0,0,1
671,27661,1,1,1,1,1,1,1,1,1,1,1,0,1,1,1,1,1,1,1,1,1,1,1,0,0,1
672,27686,1,1,0,1,0,1,1,1,0,1,1,0,0,1,1,1,1,0,1,1,0,1,1,0,0,1
673,27991,1,1,0,1,1,1,1,1,0,1,1,0,0,1,1,1,1,0,1,1,1,1,1,0,0,1
674,28112,1,1,1,0,1,1,1,1,1,1,1,1,0,1,1,1,1,0,1,1,1,1,1,0,0,1
675,30623,1,1,0,0,1,1,1,1,1,1,1,0,0,1,1,1,1,0,0,0,1,1,1,0,0,1
676,31378,1,1,1,1,1,1,1,1,1,0,1,0,1,1,1,1,1,0,1,1,1,1,1,0,0,1
677,31477,1,1,1,1,1,1,1,1,0,1,1,0,0,1,1,1,1,0,1,0,1,1,1,0,0,1
678,32170,1,1,0,0,1,1,1,1,1,1,1,0,0,1,1,1,1,0,1,1,0,1,1,0,0,1
679,32797,1,1,1,1,1,1,1,1,0,0,1,0,0,1,1,1,1,0,0,1,1,1,1,0,0,1
680,32800,1,1,0,0,1,0,1,1,0,0,0,0,0,0,0,1,1,0,0,0,1,0,0,0,0,1
681,34312,1,1,1,1,1,1,1,1,1,1,1,0,0,1,1,1,1,1,1,1,1,1,1,0,0,1
682,34633,1,1,1,0,0,1,1,1,0,1,1,0,0,1,1,1,1,0,1,1,1,1,1,0,0,1
683,36339,0,1,0,0,0,1,1,1,0,1,0,0,0,0,0,1,0,0,1,1,1,0,0,0,0,0
684,36811,1,1,0,0,1,0,1,0,0,0,0,0,0,1,0,1,0,0,0,0,1,0,0,0,0,1
685,37393,1,0,0,0,0,0,1,1,0,1,1,0,0,1,0,1,1,0,1,1,1,1,1,0,0,1
686,38904,1,1,0,1,0,1,1,1,1,1,1,0,0,1,1,1,1,0,1,0,1,1,1,0,0,0
687,39042,1,1,1,1,0,0,1,1,0,1,1,0,0,1,0,1,1,0,1,1,1,1,1,0,0,1
688,39507,0,0,1,0,0,0,0,0,0,1,1,0,0,1,0,1,1,0,0,1,1,0,1,0,0,1
689,39765,1,0,0,0,0,1,1,1,0,0,1,0,0,0,0,0,1,0,0,1,1,0,1,0,0,0
690,39860,1,1,1,1,1,1,1,1,0,1,1,0,0,1,1,1,1,1,1,1,1,1,1,0,0,1
691,40159,1,0,0,0,1,1,1,1,0,1,1,0,0,1,0,1,1,0,0,0,0,0,0,0,0,1
692,40704,1,1,0,0,1,1,1,0,0,1,0,0,0,0,0,1,0,0,1,0,0,1,0,0,0,1
693,40976,1,1,0,1,0,1,1,1,1,1,1,0,0,1,1,1,1,0,1,1,1,1,1,0,0,1
694,41317,1,1,1,1,1,1,1,1,1,1,1,0,1,1,1,1,1,0,1,1,1,1,1,0,0,1
695,41693,1,1,0,1,0,1,1,1,0,0,1,0,0,1,1,1,1,0,1,1,1,1,0,0,0,1
696,41744,1,1,0,0,0,1,1,1,1,1,1,0,0,1,1,1,1,0,1,1,1,1,0,0,0,1
697,41774,1,1,0,0,0,0,1,1,0,1,1,0,0,0,0,1,1,0,0,0,0,0,1,0,0,0
698,41781,1,1,0,0,1,1,1,1,1,1,1,0,0,1,1,1,1,0,1,1,1,1,1,0,0,1
699,42113,1,0,0,0,0,1,1,1,1,0,1,0,0,1,1,1,1,0,1,0,0,1,0,0,0,1
700,42615,1,1,1,1,1,1,1,1,0,1,1,0,0,1,1,1,1,0,1,1,1,1,1,0,0,1
701,44564,1,0,1,0,0,1,1,0,0,1,1,0,0,1,0,1,1,0,1,0,1,0,1,0,0,1
702,47319,1,0,0,1,0,0,1,1,0,1,1,0,0,1,1,1,1,0,0,0,1,0,0,0,0,0
703,47320,1,0,0,0,0,0,1,0,0,0,0,0,0,1,0,1,1,0,0,0,1,1,1,0,0,0
704,47472,0,0,0,0,0,0,0,0,0,0,1,0,0,1,0,1,0,0,0,0,0,0,0,0,0,0
705,47641,1,0,0,0,0,0,0,0,0,0,1,0,0,1,0,0,0,0,0,0,0,0,0,0,0,0
706,47725,1,1,0,1,1,1,1,1,1,1,1,0,1,1,1,1,1,0,1,1,1,1,1,0,0,1
707,48041,1,1,1,0,0,1,1,1,1,1,1,0,0,1,1,1,1,0,1,1,0,1,1,0,0,1
708,48175,1,0,1,1,0,0,1,1,0,0,1,0,0,1,0,1,0,0,0,1,1,0,1,0,0,1
709,50294,1,1,0,0,1,1,1,1,0,1,1,0,0,1,1,1,1,0,0,0,1,1,1,0,0,1
710,50614,1,0,0,0,1,1,1,1,1,1,1,0,1,1,1,1,0,0,1,1,1,1,1,0,0,0
711,51263,0,1,1,1,0,1,1,1,0,0,0,0,0,1,1,1,1,0,1,1,1,1,0,0,0,1
712,51577,1,0,0,0,0,0,1,0,0,1,0,0,0,0,0,1,0,0,0,0,0,0,0,0,0,0
713,51634,1,1,1,0,1,1,1,1,1,1,1,0,0,1,1,1,1,0,1,1,0,1,1,0,0,1
714,52421,1,1,1,1,0,0,1,1,0,0,1,0,0,1,1,1,0,0,0,1,1,0,1,0,0,1
715,54374,1,1,1,1,1,1,1,1,1,1,1,0,1,1,1,1,1,1,1,1,1,1,1,0,0,1
716,54454,1,1,1,1,0,1,1,1,1,1,1,0,1,1,1,1,1,0,1,1,1,1,1,0,0,1
717,54547,1,1,0,1,1,1,1,1,1,1,1,0,1,1,1,1,1,1,1,1,1,1,1,0,0,1
718,54688,1,1,0,1,1,1,1,1,0,1,1,0,1,1,1,1,1,1,1,1,0,1,1,0,0,1
719,54786,1,1,0,0,0,1,1,1,1,1,1,0,0,1,1,1,1,0,1,0,1,1,1,0,0,1
720,54841,1,1,0,0,1,1,1,1,0,1,1,0,1,1,1,1,1,1,1,1,1,1,1,0,0,1
721,56339,1,1,1,1,1,1,1,1,1,1,1,0,1,1,1,1,1,0,1,1,1,1,1,0,0,1
722,56959,0,1,1,0,0,1,1,1,0,1,1,0,0,0,1,1,1,0,0,0,1,0,0,0,0,1
723,57469,1,1,0,0,0,1,1,1,1,1,1,0,0,1,1,1,1,0,1,1,1,1,1,0,0,1
724,57537,1,1,0,1,0,1,1,1,0,1,1,0,0,1,1,1,1,0,1,1,1,1,1,0,0,1
725,59708,1,1,1,1,0,1,1,1,1,1,1,0,0,1,1,1,1,0,1,1,1,1,1,0,0,1
726,59768,1,1,0,0,1,1,1,1,1,1,1,0,0,1,1,1,1,0,1,1,1,1,1,0,0,1
727,60147,1,1,1,1,0,1,1,1,0,1,1,0,0,1,1,1,1,0,1,0,1,1,1,0,0,1
728,60164,1,1,0,0,0,0,1,1,1,0,1,0,0,1,1,1,0,0,0,1,1,0,0,0,0,0
729,60169,0,0,0,0,0,1,1,1,1,0,0,0,0,1,0,1,1,0,0,0,1,0,1,0,0,0
730,60184,1,1,1,0,1,1,1,1,1,1,1,0,0,1,1,1,1,0,1,1,1,1,1,0,0,1
731,60198,1,1,1,0,1,1,1,1,1,1,1,0,1,1,1,1,1,0,1,1,1,1,1,0,0,1
732,60612,1,1,0,0,0,1,1,1,1,1,1,0,0,1,1,1,1,0,1,1,1,1,1,0,0,1
733,60613,1,1,1,1,1,1,1,1,1,1,1,0,0,1,1,1,1,1,1,1,1,1,1,0,0,1
734,60696,1,0,0,1,0,1,1,1,0,0,1,0,0,1,0,1,1,0,1,1,1,1,1,0,0,0
735,60707,1,1,0,0,1,1,1,1,1,1,1,0,1,1,1,1,1,0,1,1,1,1,1,0,0,1
736,60714,1,1,0,0,0,1,1,1,0,1,1,0,0,1,1,1,1,1,0,0,1,1,1,0,0,1
737,60753,1,0,0,0,0,1,1,1,0,1,1,0,0,0,1,1,1,0,1,1,1,1,1,0,0,1
738,60754,1,1,0,0,0,1,1,1,0,1,1,0,0,1,1,1,1,0,1,1,1,1,1,0,0,1
739,60787,1,1,1,1,1,1,1,1,1,1,1,1,1,1,1,1,1,1,1,1,1,1,1,0,0,1
740,60795,1,1,1,1,1,1,1,1,1,1,1,0,1,1,1,1,1,1,1,1,1,1,1,0,0,1
741,60815,1,1,0,0,1,1,1,1,1,1,1,0,0,1,1,1,1,1,1,1,1,1,1,0,0,1
742,60831,1,1,0,1,1,1,1,1,0,1,1,0,0,1,1,1,1,1,1,1,1,1,1,0,0,1
743,60835,1,1,1,0,1,1,1,1,1,1,1,0,1,1,1,1,1,1,1,1,1,1,1,0,0,1
744,60843,1,1,0,1,1,1,1,1,0,1,1,0,0,1,1,1,1,0,1,1,1,1,1,0,0,0
745,60852,1,1,1,1,0,1,1,1,1,1,1,0,1,1,1,1,1,0,1,1,1,1,1,0,0,1
746,60854,1,1,0,1,1,1,1,1,1,1,1,0,1,1,1,1,1,0,1,1,1,1,1,0,0,1
747,60865,1,1,1,0,0,1,1,1,1,1,1,0,0,1,0,1,1,0,1,0,1,1,1,0,0,1
748,60871,1,0,0,0,0,1,1,1,0,1,0,0,0,1,0,1,1,0,1,0,1,1,1,0,0,1
749,60877,1,1,0,1,0,1,1,1,0,0,1,0,0,1,1,1,1,0,0,0,1,1,1,0,0,1
750,60879,1,1,1,1,1,1,1,1,0,1,1,0,1,1,1,1,1,0,1,1,1,1,1,0,0,1
751,60937,1,1,0,0,1,1,1,1,0,1,1,0,0,1,1,1,1,0,1,1,1,1,1,0,0,1
752,60953,1,1,0,1,1,1,1,1,1,1,1,0,1,1,1,1,1,1,1,1,1,1,1,0,0,1
753,62816,1,0,0,0,1,1,1,1,1,1,1,0,1,1,1,1,1,0,1,1,1,1,1,0,0,1
754,62819,1,1,1,1,0,1,1,1,1,1,1,0,0,1,1,1,1,0,1,1,1,1,1,0,0,1
755,62867,1,1,1,1,1,1,1,1,1,1,1,0,0,1,1,1,1,0,1,1,1,1,1,0,0,1
756,62924,1,1,1,1,1,1,1,1,1,1,1,1,0,1,1,1,1,0,1,1,1,1,1,0,0,1
757,62959,1,1,1,1,1,1,1,1,1,1,1,0,1,1,1,1,1,1,1,1,1,1,1,0,0,1
758,64147,1,1,1,1,1,1,1,1,1,1,1,0,0,1,1,1,1,0,1,1,1,1,1,0,0,1
759,65027,1,1,1,1,1,1,1,1,0,1,1,0,1,1,1,1,1,0,1,1,1,1,1,0,0,1
760,65863,0,0,0,0,0,0,1,0,0,0,1,0,0,1,0,0,0,0,0,1,0,0,0,0,0,0
761,65999,1,1,1,0,1,1,1,1,0,1,1,0,0,1,1,1,1,0,1,1,1,1,1,0,0,1
762,68740,1,1,1,1,1,1,1,1,1,1,1,1,0,1,1,1,1,0,1,1,1,1,1,0,0,1
763,68844,1,0,1,1,0,1,1,1,0,1,1,0,0,1,1,1,1,0,1,0,1,0,1,0,0,1
764,71158,1,1,1,1,1,1,1,1,1,1,1,0,0,1,1,1,1,0,1,1,1,1,1,0,0,1
765,71273,1,1,1,1,0,1,1,1,1,1,1,0,1,1,1,1,1,1,1,1,1,1,1,0,0,1
766,71301,1,1,0,0,1,1,1,1,0,0,1,0,0,1,1,1,1,0,1,1,0,1,1,0,0,1
767,71329,1,1,0,0,1,1,1,1,1,0,1,0,0,1,1,1,1,0,1,1,1,1,0,0,0,1
768,71616,1,1,1,1,1,1,1,1,1,1,1,0,0,1,1,1,1,1,1,1,1,1,1,0,0,1
769,72054,1,1,0,0,0,1,1,1,0,1,1,0,0,1,1,1,1,0,1,1,1,1,1,0,0,1
770,72057,1,1,0,1,0,1,1,1,0,1,1,0,0,1,1,1,1,0,1,1,0,1,1,0,0,1
771,72467,1,1,1,0,0,1,1,1,1,0,1,0,0,1,1,1,1,0,1,1,1,1,1,0,0,0
772,72938,1,1,0,0,1,1,1,1,1,1,1,0,1,1,1,1,1,0,1,1,1,1,1,0,0,1
773,74989,1,1,0,1,0,1,1,1,0,1,1,0,0,1,1,1,1,0,1,1,1,1,1,0,0,1
774,77992,1,1,0,0,1,1,1,1,1,1,1,0,1,1,1,1,1,0,1,1,1,1,1,0,0,1
775,77993,1,1,1,1,1,1,1,1,1,1,1,0,0,1,1,1,1,0,1,1,1,1,1,0,0,1
776,77999,1,1,0,0,0,1,1,1,0,1,1,0,0,1,1,1,1,0,1,0,1,1,1,0,0,1
777,82146,1,1,0,1,1,1,1,1,1,1,1,0,1,1,1,1,1,0,1,1,1,1,1,0,0,1
778,83786,1,1,1,0,1,1,1,1,1,0,1,0,0,1,1,1,1,0,1,1,1,1,1,0,0,1
779,87177,1,1,1,0,0,0,1,1,0,1,0,0,0,0,0,1,0,0,0,1,0,0,0,0,0,0
780,91270,1,1,0,0,1,1,1,1,0,1,1,0,0,1,1,1,1,0,1,1,1,1,1,0,0,1
781,93860,1,1,1,0,1,1,1,1,1,1,1,0,1,1,1,1,1,1,1,1,1,1,1,0,0,1
782,96312,1,1,1,1,0,1,1,1,0,1,1,0,0,1,1,1,1,1,1,1,1,1,1,0,0,1
783,104741,1,1,0,0,0,1,1,1,1,1,1,0,0,1,1,1,1,0,1,0,1,1,0,0,0,1
784,104758,1,1,0,0,0,1,1,1,0,1,1,0,0,1,1,1,1,0,1,0,1,1,1,0,0,1
785,104803,1,0,0,0,0,0,1,1,1,0,1,0,0,0,0,1,1,0,1,0,1,1,0,0,0,0
786,104865,1,1,1,0,1,1,1,1,1,1,1,0,0,1,1,1,1,1,1,1,1,1,1,0,0,1
787,110634,1,1,1,0,1,1,1,1,1,1,1,0,0,1,1,1,1,1,1,0,1,1,1,0,0,1
788,110635,1,1,1,0,1,1,1,1,0,0,1,0,0,1,1,1,1,1,1,1,1,1,1,0,0,1
789,115237,1,1,1,0,1,1,1,1,1,1,1,0,0,1,1,1,1,1,1,1,1,1,1,1,0,1
790,119182,1,1,0,0,1,1,1,1,0,1,1,0,0,1,1,1,1,0,1,1,1,1,1,0,0,1
791,119607,1,1,1,1,1,1,1,1,1,1,1,1,0,1,1,1,1,0,1,1,1,1,1,0,1,1
792,122316,1,1,0,1,1,1,1,1,1,1,1,0,1,1,1,1,1,1,1,1,1,1,1,0,0,1
793,123606,1,1,0,0,1,1,1,1,1,1,1,0,0,1,1,1,1,1,1,0,1,1,1,0,0,1
794,123620,1,1,1,1,0,1,1,1,0,1,1,0,0,1,0,1,1,0,1,1,1,1,1,0,0,1
795,123631,1,1,1,1,0,1,1,1,1,1,1,0,0,1,1,1,1,0,1,1,1,1,1,0,0,1
796,124087,1,1,0,0,0,1,1,1,0,1,1,0,0,1,1,1,1,0,1,0,1,1,1,0,0,1
797,125017,1,1,1,0,0,1,1,1,1,1,1,0,0,1,1,1,1,0,1,0,1,1,0,0,0,1
798,125889,1,1,1,1,1,1,1,1,1,1,1,0,1,1,1,1,1,0,1,1,1,1,1,0,1,1
799,130881,1,1,1,0,1,1,1,1,1,0,1,0,1,1,1,1,1,0,1,1,1,1,1,0,0,1
800,131536,1,1,1,0,0,1,1,1,1,1,1,0,1,1,1,1,1,0,0,0,1,0,1,0,0,1
801,145068,1,1,0,0,0,1,1,0,1,1,1,0,0,1,0,0,0,1,0,1,1,0,1,0,0,1
802,147912,1,1,1,1,1,1,1,1,1,1,1,0,1,1,1,1,1,1,1,1,1,1,1,0,0,1
803,148192,1,1,0,1,1,1,1,1,1,1,1,0,1,1,1,1,1,0,1,1,1,1,1,0,0,1
804,148211,1,1,1,0,0,1,1,0,1,1,1,0,0,1,1,1,1,0,1,1,1,1,1,0,0,1
805,150310,1,1,0,0,1,0,0,1,1,0,1,0,1,1,1,1,1,0,0,0,1,1,1,0,0,1
806,150311,1,1,0,0,0,0,1,1,0,1,1,0,0,1,1,1,1,0,1,0,1,1,1,0,0,1
807,150610,1,1,1,0,1,1,1,1,1,1,1,0,1,1,1,1,1,0,1,1,1,1,1,0,0,1
808,151165,1,1,1,0,1,1,1,1,1,1,1,0,1,1,1,1,1,1,1,1,1,1,1,0,0,1
809,152945,1,1,0,1,0,0,1,1,0,0,1,0,0,1,0,1,1,0,1,1,0,0,1,0,0,1
810,153941,1,0,0,0,0,1,1,1,0,0,1,0,0,0,1,1,1,0,1,0,0,1,1,0,0,1
811,154059,1,1,1,0,0,1,1,1,0,1,1,1,0,1,0,1,1,0,0,1,1,0,1,0,0,1
812,156419,1,1,0,0,0,1,1,1,0,0,1,0,0,1,1,1,1,0,0,1,1,1,1,0,0,1
813,157922,0,1,0,0,0,0,0,0,1,0,1,0,0,1,0,1,1,0,0,1,0,0,0,0,0,0
814,158440,1,1,1,1,1,1,1,1,1,1,1,0,0,1,1,1,1,0,1,1,1,1,1,0,0,1
815,160051,0,1,0,0,0,0,1,1,0,1,1,0,0,1,0,1,1,0,1,0,0,1,1,0,0,1
816,163742,1,1,0,1,0,1,1,1,0,1,1,0,0,1,1,1,1,0,1,1,1,1,1,0,0,1
817,166548,1,1,1,0,0,1,1,1,0,1,1,0,1,1,1,1,1,0,1,0,1,1,1,0,0,1
818,170361,1,1,1,0,1,1,1,1,1,1,1,0,0,1,1,1,1,1,1,1,1,1,1,0,0,1
819,176168,0,1,0,0,0,0,1,1,0,1,0,0,0,1,0,1,0,0,0,0,1,0,0,0,0,1
820,176870,1,1,0,0,0,1,1,1,1,1,1,0,1,1,1,1,1,1,1,1,1,1,1,0,0,1
821,197712,1,1,1,1,1,1,1,1,1,1,1,0,0,1,1,1,1,0,0,0,1,1,0,0,0,1
822,213039,1,1,1,1,1,1,1,1,0,1,1,0,1,1,1,1,1,1,1,1,1,1,1,0,0,1
823,216239,1,1,0,0,0,1,1,1,1,1,1,0,1,1,1,1,1,1,1,1,1,1,1,0,0,1
824,216326,1,1,1,0,1,1,1,1,1,1,1,1,1,1,1,1,1,0,1,1,1,1,1,0,0,1
825,222786,1,1,0,0,1,0,1,0,1,0,1,0,1,1,1,1,0,0,1,1,1,1,1,0,0,1
826,315411,0,0,0,0,0,1,0,0,0,0,0,0,0,0,0,0,0,0,0,0,1,0,0,0,0,0
827,365716,1,1,0,1,0,1,1,1,1,1,1,0,0,1,1,1,1,0,1,1,1,1,1,0,1,1
828,438204,1,0,0,1,1,1,1,0,0,0,1,0,0,1,1,1,0,0,0,1,1,0,1,0,0,0
829,443871,1,1,0,0,1,1,1,1,0,0,1,0,0,1,1,1,1,0,1,0,1,1,1,0,0,0
830,444013,1,1,1,1,1,1,1,1,1,1,1,0,0,1,1,1,1,0,1,1,1,1,1,0,0,1
831,444033,1,1,0,0,0,1,1,1,1,0,1,0,0,1,1,1,1,0,1,1,1,1,1,0,0,1
832,450096,1,1,0,0,0,1,1,1,0,0,1,0,0,1,1,1,1,0,1,0,1,0,1,0,0,1
833,477468,1,1,0,0,0,1,1,1,1,1,1,0,1,1,1,1,1,0,1,1,1,1,1,0,0,1
834,504578,1,0,0,0,0,0,1,1,0,0,0,0,0,0,0,1,0,0,0,0,0,0,0,0,0,0
835,508230,1,1,1,1,1,1,1,1,1,1,1,0,0,1,1,1,1,0,1,1,1,1,1,0,0,1
836,657298,1,0,0,1,1,1,1,1,1,0,1,0,0,1,1,1,1,0,0,1,1,1,1,0,0,1
837,667490,1,0,0,0,1,1,1,1,0,0,1,0,0,0,1,1,1,0,1,1,1,1,0,0,0,0
838,1349907,1,0,0,1,1,1,1,1,0,0,1,0,0,1,0,0,0,0,0,0,1,1,1,0,0,1
839,2761171,1,1,1,0,0,1,1,1,0,0,1,1,0,1,1,1,1,0,0,1,1,0,1,0,0,1
840,3000502,1,1,0,0,0,0,1,1,1,0,1,0,0,1,0,0,1,1,1,1,0,0,1,0,0,0
841,3002190,1,1,1,1,1,1,1,1,0,1,1,0,1,1,1,1,1,1,1,1,1,1,1,0,0,1
842,3062316,1,1,1,1,1,1,1,1,1,1,1,0,0,1,1,1,1,0,1,1,1,1,1,0,0,1
843,3081884,1,1,1,1,1,1,1,1,1,1,1,0,1,1,1,1,1,0,1,1,1,1,1,0,0,1
844,3085017,1,1,0,0,0,1,1,1,0,1,0,0,0,1,1,1,0,0,1,1,1,1,1,0,0,1
845,3086258,1,1,0,1,1,1,1,1,1,1,1,0,0,1,1,1,1,0,1,1,1,1,1,0,0,1
846,3086672,1,1,0,0,0,0,1,1,1,0,0,0,0,1,1,1,1,0,0,0,1,0,0,0,0,1
847,3468412,1,1,0,1,0,0,1,1,0,0,1,0,0,1,1,1,1,0,0,0,0,0,0,0,0,0
848,4183806,1,1,1,0,1,1,1,1,0,1,1,0,0,1,1,1,1,0,1,1,1,1,1,0,0,1
849,4475485,1,1,1,0,1,1,1,1,0,1,1,0,0,1,1,1,1,0,1,0,1,1,1,0,0,1
850,4479097,1,1,0,1,0,1,1,1,0,0,1,0,0,1,1,1,1,0,0,1,0,1,1,0,0,1
851,4630253,0,0,1,1,0,0,1,0,0,0,1,0,0,1,0,1,0,0,0,1,0,0,1,0,0,1
852,4659568,1,1,0,1,1,1,1,1,1,1,1,0,0,1,1,1,1,1,1,1,1,1,1,0,0,1
853,4659569,1,1,1,1,1,1,1,1,1,1,1,0,1,1,1,1,1,0,1,1,1,1,1,0,1,1
854,5229711,1,1,1,0,0,1,1,1,0,1,1,0,0,1,1,1,1,0,1,1,1,1,0,0,0,1
855,5281007,1,1,1,0,0,1,1,1,0,1,1,0,0,1,1,1,1,0,1,1,1,1,1,0,0,1
856,5281104,1,1,1,1,0,1,1,1,1,1,1,0,0,1,1,1,1,0,1,1,1,1,1,0,0,1
857,5282044,1,1,0,1,1,1,1,1,0,1,1,0,1,1,1,1,1,0,1,1,1,1,1,0,0,1
858,5282226,1,1,1,0,1,1,1,0,1,1,1,0,0,1,1,1,1,0,1,1,1,1,1,0,0,1
859,5311027,1,1,1,0,0,1,1,1,1,1,1,0,0,1,1,1,1,0,1,1,1,1,1,0,0,1
860,5311039,1,1,0,0,0,1,1,1,1,1,1,0,0,1,1,1,1,0,1,1,1,1,1,0,0,1
861,5311048,1,1,1,0,1,1,1,1,1,1,1,0,0,1,1,1,1,1,1,1,1,1,1,0,0,1
862,5311082,0,1,0,1,0,1,1,1,1,0,1,0,0,0,1,1,1,0,1,0,1,1,0,0,0,0
863,5311181,1,0,1,0,0,0,1,1,0,0,0,0,0,1,1,1,1,0,1,0,1,1,1,0,0,1
864,5311297,1,1,1,0,1,1,1,1,0,1,1,0,0,1,1,1,1,0,1,1,1,1,1,0,0,1
865,5329102,1,1,0,0,1,1,1,1,1,1,1,0,1,1,1,1,1,0,1,1,1,1,1,0,0,1
866,5353894,0,1,1,0,0,1,1,0,1,0,0,0,0,1,0,0,1,0,0,0,0,0,0,0,0,1
867,5353980,1,1,0,1,1,1,1,1,0,0,1,1,0,1,1,1,1,1,1,1,1,1,1,0,0,1
868,5361912,1,1,1,0,0,1,1,1,0,1,1,0,0,1,1,1,1,0,0,1,0,1,1,0,0,1
869,5362070,0,1,1,0,0,1,1,1,0,1,1,0,0,1,1,1,1,0,0,1,1,1,1,0,0,1
870,5362420,1,1,1,1,0,1,1,1,1,1,1,0,0,1,1,1,1,1,1,1,1,1,1,0,0,1
871,5381226,1,1,1,0,1,1,1,1,0,1,1,0,0,1,1,1,1,0,1,1,1,1,1,0,0,1
872,5462337,1,1,1,0,1,1,1,1,0,1,1,0,0,1,1,1,1,0,1,1,1,1,1,0,0,1
873,5473385,1,0,0,0,1,0,1,1,0,0,1,0,0,0,1,1,1,0,1,1,1,0,1,0,0,0
874,5481350,1,1,0,1,1,1,1,1,0,1,1,0,0,1,1,1,1,1,1,1,1,1,1,0,0,1
875,5487301,1,1,1,0,1,1,1,1,1,1,1,0,0,1,1,1,1,0,1,1,1,1,1,0,0,1
876,5493381,1,1,0,0,1,1,1,1,0,0,1,0,0,1,1,1,1,1,1,1,0,1,1,0,0,1
877,5493444,1,1,1,1,1,0,1,1,1,1,1,0,0,1,0,1,1,1,1,0,1,1,1,0,0,1
878,6323497,1,1,0,0,1,1,1,1,0,1,1,0,1,1,1,1,1,0,1,1,1,1,1,0,0,1
879,6398525,1,1,0,0,0,1,1,1,0,1,1,0,0,1,0,1,1,0,1,0,0,1,1,0,0,1
880,6398970,1,0,0,1,1,1,1,1,1,1,1,0,1,1,1,1,1,1,1,1,1,1,1,0,0,1
881,6435110,1,1,0,0,1,1,1,1,0,1,1,0,0,1,1,1,1,0,0,0,1,1,1,0,0,0
882,6436173,1,1,0,0,1,1,1,1,1,1,1,0,0,1,1,1,1,0,1,1,1,1,1,0,0,1
883,6447131,1,1,0,1,1,1,1,1,1,1,1,1,0,1,1,1,1,0,1,1,1,1,1,0,0,1
884,6918453,1,1,0,0,1,1,1,1,0,1,1,0,0,1,1,1,1,0,1,0,1,1,1,0,0,1
885,9571074,1,1,0,1,1,1,1,1,1,1,1,0,1,1,1,1,1,0,1,1,1,1,1,0,0,1
886,11947681,1,0,0,0,0,1,1,0,0,0,1,0,0,0,0,1,1,0,0,0,1,1,1,0,0,1
887,11954225,1,1,0,0,1,0,1,0,0,0,1,0,0,1,0,1,1,0,0,0,1,0,1,0,0,0
