,embedding
0,"[ 0.22816809  0.19388354  0.0716048  -0.01020667 -0.28177272 -0.14994698
 -0.51922392  0.2200065   0.47583733  0.22106098 -0.40493201  0.35336913
 -0.1564003  -0.05712932 -0.04632674 -0.1214842  -0.47435955 -0.32633684
  0.46192457  0.36231964  0.19899715  0.36699574 -0.23243155 -0.03827119
  0.05478968  0.15337972  0.22289104 -0.24648488 -0.01822624  0.10484733
  0.22058949  0.08287179 -0.23070406 -0.49521947 -0.67575144  0.05723279
  0.59132676 -0.54193869  0.06375329  0.01608709 -0.19117769 -0.07931728
 -0.32800987 -0.00954584 -0.11706783  0.0500469   0.31264544  0.38145006
 -0.26761061  0.31009482 -0.36614712 -0.33232761 -0.70088984 -0.45409422
 -0.27172103 -0.20659037 -0.24906511 -0.37564237 -0.5253449  -0.20842484
  0.08935175  0.02451682  0.14403126  0.0655224   0.2749419   0.0645905
 -0.04693732 -0.00709115  0.7043633   0.36433514 -0.4604491   0.17624953
 -0.26603645  0.27624191 -0.16129455 -0.25107015 -0.34177452  0.30601309
 -0.28380584  0.32154583  0.40685881 -0.27307984  0.32617152  0.14175122
 -0.29937607  0.158078    0.0120546   0.16147357 -0.36441094 -0.43726228
  0.42200833  0.15403643  0.18101728 -0.26966539 -0.02033038 -0.03983318
 -0.43524899  0.00712442  0.54426994 -0.14713727  0.35760598  0.19685983
 -0.12666594 -0.02989452 -0.20476585  0.11185241 -0.49574047  0.34689647
  0.18732557 -0.1515581   0.09044626  0.64333969  0.06231666  0.18125597
  0.22064966  0.09700641 -0.39182816 -0.08182957  0.01947323 -0.1791596
  0.1507536  -0.46912826 -0.19949344  0.30113896 -0.43747025 -0.74153516
  0.02345473 -0.32738692 -0.1585797  -0.48470596 -0.12435946  0.00299066
 -0.08895041 -0.18041934  0.09721145 -0.34029805 -0.11042144 -0.14072515
  0.15459763  0.22678829  0.45956086  0.26872964 -0.19558028  0.17549456
 -0.37278023 -0.45397775  0.56655081 -0.40629814 -0.3026774  -0.09781402
  0.03756721  0.16832237  0.33595389 -0.01386934  0.08942287 -0.08683543
  0.06232884 -0.13352819  0.26562832  0.09077293  0.05309319 -0.04765725
  0.26763511  0.3819344  -0.05013359 -0.07153864 -0.00289939  0.22432757
 -0.26016271 -0.1771549  -0.2433676   0.24960584 -0.33253408  0.354109
 -0.0018405   0.3196251  -0.1738168   0.005491    0.23814346 -0.84858871
 -0.12074028  0.45152453  0.04944754 -0.40055681  0.34022269  0.15353064
  0.15795785 -0.14687053  0.23368065 -0.17946176 -0.00771767 -0.32640858
  0.08695078  0.43911141 -0.18326889 -0.50902361  0.04000943  0.1080721
 -0.27926888 -0.21112131]"
1,"[ 0.21453746  0.11226185  0.18995819  0.00137577 -0.26009018 -0.11362206
 -0.50392743  0.11343566  0.47630961  0.21970523 -0.44687836  0.39153063
 -0.21107443 -0.01105185 -0.07036364 -0.14751634 -0.52664359 -0.28685063
  0.41728181  0.4020724   0.24423381  0.3643374  -0.24717751 -0.02761635
  0.1277534   0.19669891  0.15243975 -0.28198206 -0.13687018  0.13290315
  0.16385866  0.06516815 -0.224447   -0.52314126 -0.69410715  0.07276514
  0.68181886 -0.57032174  0.04066744  0.16221674 -0.13360897 -0.0431347
 -0.35506671 -0.07764696 -0.06312138  0.01882577  0.32703206  0.35141312
 -0.28357576  0.3492536  -0.3616144  -0.33334273 -0.73079514 -0.55768144
 -0.29588975 -0.13800215 -0.28964228 -0.42467757 -0.5136118  -0.25947221
  0.13884726  0.12113117  0.11556479  0.12963147  0.23872834  0.01715127
  0.05233144  0.04881717  0.6911458   0.39083682 -0.54270954  0.13256714
 -0.26138523  0.34591529 -0.17946609 -0.27225223 -0.36892813  0.2595836
 -0.27999341  0.39194947  0.49851485 -0.26829786  0.28771395  0.16272623
 -0.23567968  0.21039693  0.0259283   0.26776503 -0.40220836 -0.446563
  0.37192827  0.2373484   0.19625497 -0.28906947 -0.00741905 -0.06311901
 -0.31489161 -0.03179824  0.57230903 -0.20436397  0.30068085  0.17630776
 -0.02711082 -0.06161467 -0.18507104  0.11065063 -0.50268232  0.36966708
  0.23656722 -0.12722233  0.02022496  0.65628153  0.08815686  0.26198786
  0.17417049  0.14873098 -0.38046767 -0.09312962  0.00096908 -0.11316947
  0.11498235 -0.52190365 -0.17705372  0.34297684 -0.52056945 -0.67303252
  0.06479624 -0.34189691 -0.13165222 -0.38059578 -0.10197096  0.08420143
 -0.09220048 -0.10874969  0.09180738 -0.32683875 -0.08099417 -0.14609762
  0.21958039  0.19936206  0.3816801   0.2912415  -0.16944738  0.13905343
 -0.29365148 -0.4115983   0.61262498 -0.38818687 -0.33263108 -0.03471286
  0.15188411  0.20291633  0.34988463 -0.06313284  0.05854576 -0.0920288
  0.01493784 -0.07821088  0.28602035  0.11608757  0.1101887   0.03470479
  0.28821536  0.38458076 -0.06122722 -0.03073622 -0.05560948  0.1920598
 -0.22834777 -0.16849666 -0.24706278  0.28847056 -0.2207127   0.34491877
  0.02797624  0.1852544  -0.14389461  0.02315353  0.29761714 -0.84139381
 -0.10770638  0.45027445  0.13530193 -0.48747656  0.36472702  0.27426791
  0.04613507 -0.12707926  0.35965815 -0.22775041 -0.03783987 -0.25444419
  0.0014552   0.33014348 -0.14848081 -0.43527739  0.06180584  0.10385105
 -0.30047356 -0.32881929]"
2,"[ 2.65154655e-01  1.89021164e-01  1.93512908e-01  5.82588309e-02
 -2.69838386e-01 -1.19370807e-01 -4.66954214e-01  1.08968668e-01
  4.71928478e-01  2.16885815e-01 -3.60072848e-01  3.90519709e-01
 -2.58302937e-01 -3.88524855e-02 -1.57110737e-02 -1.42811457e-02
 -5.06282331e-01 -4.01252639e-01  3.66529675e-01  4.06005680e-01
  2.84477903e-01  3.50582836e-01 -1.52553519e-01 -1.60586478e-02
  9.26635407e-02  1.20380176e-01  1.62592382e-01 -2.79721212e-01
 -6.96007940e-02  1.32023629e-01  1.97690599e-01  9.54280016e-02
 -2.20680779e-01 -5.96580812e-01 -7.89075345e-01  1.07016195e-01
  6.98142909e-01 -5.32803970e-01  1.17669410e-01  1.43910122e-01
 -1.16637788e-01 -4.98252683e-02 -3.70308786e-01 -6.95057973e-02
 -7.81317679e-02  4.26852974e-06  3.50725443e-01  3.48129620e-01
 -2.04072152e-01  4.70279461e-01 -3.72048242e-01 -3.15967093e-01
 -7.55831425e-01 -5.05550963e-01 -1.66342429e-01 -8.51831442e-02
 -1.97573138e-01 -5.24091796e-01 -5.03612244e-01 -1.76779038e-01
  1.53931960e-01  1.25040586e-01  3.86032494e-02  1.52795829e-01
  1.91623993e-01  3.01360183e-03  4.54218770e-02  7.18310002e-02
  7.37289030e-01  4.06192553e-01 -4.97438852e-01  1.23258199e-01
 -3.00616013e-01  3.41407636e-01 -1.39547852e-01 -3.46535195e-01
 -4.36691732e-01  3.34506558e-01 -3.02437700e-01  4.71280437e-01
  5.10278232e-01 -3.20764740e-01  4.55963500e-01  2.42322553e-01
 -3.13707942e-01  1.27599391e-01 -4.75978776e-03  3.07757216e-01
 -4.13456899e-01 -5.07198454e-01  4.71759201e-01  2.30847692e-01
  2.81423896e-01 -2.80549453e-01  6.40445472e-02 -5.93915427e-02
 -3.84672025e-01 -8.62333849e-02  5.82926226e-01 -1.39185130e-01
  3.40042577e-01  1.68421146e-01 -3.22380918e-02  8.60963118e-02
 -1.84825591e-01  6.73770463e-02 -4.75240053e-01  3.52930503e-01
  2.29378770e-01 -1.66176604e-01  1.78004561e-02  7.40334138e-01
  1.02621931e-02  2.58053813e-01  2.02288698e-01  2.21574340e-01
 -3.85458976e-01 -7.72235077e-02  6.56984409e-02 -9.47649561e-02
  1.16561296e-01 -6.32019632e-01 -2.31495602e-01  3.49174864e-01
 -5.77503167e-01 -5.70218810e-01  7.95474116e-02 -3.16383776e-01
 -1.08786060e-01 -4.09923358e-01 -1.18547758e-01  1.12914893e-01
 -1.40209395e-01 -1.32654719e-01  1.05151006e-01 -3.56284894e-01
 -3.00471802e-02 -1.77538414e-01  1.21337526e-01  2.68805534e-01
  4.62527045e-01  2.38491622e-01 -2.41027423e-01  2.40927139e-02
 -3.52428029e-01 -4.45975462e-01  6.04169301e-01 -3.81336556e-01
 -2.92299210e-01 -1.20077002e-02  2.07874100e-01  2.65492330e-01
  3.06956796e-01 -2.72843345e-03  2.74376402e-02 -6.47502209e-02
  6.71131164e-02 -7.61024478e-02  3.48428874e-01  4.87420258e-02
  1.96216411e-01  6.84204613e-02  3.13520568e-01  3.57332139e-01
 -1.78132432e-01  3.64599246e-02 -6.64854171e-02  1.72504818e-01
 -2.31849948e-01 -2.17561886e-01 -2.25855493e-01  2.92581883e-01
 -2.32066775e-01  3.29214121e-01 -4.72808286e-03  1.68054196e-01
 -1.24928456e-01 -7.52604025e-03  2.72876687e-01 -8.98134661e-01
 -8.68831426e-02  5.15657601e-01  8.64538283e-02 -5.01396429e-01
  3.93098126e-01  2.71147342e-01  9.07603168e-02 -1.57305290e-01
  3.05052195e-01 -2.36624673e-01 -1.35298643e-01 -3.42462064e-01
 -2.30789061e-02  4.27320958e-01 -1.13388512e-01 -4.86073712e-01
  1.93827523e-02  1.13040230e-01 -3.67151827e-01 -3.14267279e-01]"
3,"[ 2.83914170e-01  2.66623286e-01  1.57019299e-01  1.41543808e-02
 -2.03928796e-01 -8.08277244e-02 -4.37816502e-01  1.36612397e-01
  4.14354098e-01  2.24796039e-01 -3.09917684e-01  3.64951434e-01
 -2.29788859e-01 -1.37501000e-01 -6.19418686e-02 -3.46447833e-03
 -5.31656124e-01 -3.82560541e-01  4.75040207e-01  3.16118933e-01
  2.71566621e-01  3.75733137e-01 -2.22555845e-01  9.28430213e-03
  3.89226197e-02  3.48606519e-01  2.29598453e-01 -2.78623665e-01
  1.65339625e-02  3.72360442e-02  1.80516237e-01  2.35021278e-04
 -2.34793637e-01 -5.73865073e-01 -6.38472448e-01  5.44260873e-02
  6.06776494e-01 -5.10302329e-01  7.17344362e-02 -1.13426206e-03
 -8.12108758e-02 -1.97480913e-02 -3.23247698e-01 -1.23240549e-01
 -1.50613596e-01  8.04906823e-03  3.10795015e-01  3.32980614e-01
 -3.42745473e-01  3.46936035e-01 -4.55400865e-01 -4.02380648e-01
 -6.53799675e-01 -5.27799933e-01 -2.59317168e-01 -2.47664669e-01
 -1.53718626e-01 -3.55171628e-01 -4.85898816e-01 -1.78198594e-01
  1.05673415e-01  1.34311400e-01  2.02529862e-01  4.75428525e-02
  2.46756432e-01  1.29563172e-01  5.05614723e-04  2.20463290e-02
  6.36734748e-01  3.10305778e-01 -5.89743328e-01  2.33875799e-01
 -1.79006712e-01  3.41299136e-01 -2.14537438e-01 -2.83406859e-01
 -4.14324864e-01  3.20545820e-01 -3.30700820e-01  2.96539275e-01
  3.76721568e-01 -2.64668731e-01  2.18774965e-01  4.91901426e-02
 -3.26464160e-01  2.10023829e-01 -1.87499505e-02  3.42772241e-01
 -3.09962337e-01 -4.54175175e-01  3.79472967e-01  1.61916632e-01
 -2.26810947e-02 -2.57374455e-01 -3.15711607e-02 -8.93271581e-02
 -3.66579144e-01 -1.69863728e-02  4.80386122e-01 -1.93000205e-01
  3.88464017e-01  2.64822165e-01  3.95226449e-02 -2.28639536e-03
 -9.06324011e-02  1.38126223e-01 -4.05631960e-01  3.91964625e-01
  1.15248818e-01 -6.03795343e-02  2.47720342e-02  6.53390882e-01
  6.15400204e-02  2.31980743e-01  1.87228367e-01  1.61718694e-01
 -3.61509527e-01 -5.19477314e-02 -5.02650051e-02 -1.96864563e-01
  5.02860528e-02 -5.14702204e-01 -2.32529673e-01  4.29661545e-01
 -5.22509659e-01 -8.28788715e-01 -1.04715268e-02 -2.73182757e-01
 -1.62666853e-01 -4.33959940e-01 -5.46862198e-02  1.03496575e-01
 -1.37970055e-01 -7.35307703e-02  1.32213284e-01 -3.32820962e-01
 -1.08273866e-01 -1.81251830e-01  2.16444283e-01  1.69113977e-01
  4.46444353e-01  3.01641775e-01 -1.60807050e-01  1.90264176e-01
 -2.97158533e-01 -4.35434204e-01  5.20677453e-01 -3.64913945e-01
 -2.17358707e-01 -1.25584369e-01  5.05301575e-02  1.57274829e-01
  3.46136781e-01 -4.26905726e-02  9.01750550e-02 -6.29761338e-02
  1.34552061e-01 -1.28653948e-01  2.39043383e-01  2.76363430e-01
 -1.28282385e-02 -4.05018120e-02  3.22237135e-01  3.96451235e-01
 -3.14004892e-02 -1.90847401e-02 -8.48227654e-02  1.90215329e-01
 -2.67166785e-01 -2.30979265e-01 -2.52523307e-01  2.35166492e-01
 -3.95804390e-01  3.12043963e-01  4.55735733e-02  2.56438022e-01
 -7.74182957e-02 -4.51550887e-02  2.67891855e-01 -8.51792013e-01
 -1.10434433e-01  4.23014728e-01  2.07889078e-01 -4.94086744e-01
  3.44268642e-01  2.16979554e-01  1.65578981e-01 -2.53954529e-02
  2.17676001e-01 -3.05902213e-01 -3.80505079e-02 -2.19602667e-01
  6.09652501e-03  3.90655790e-01 -1.33284898e-01 -4.12182021e-01
  8.16935943e-02  2.02353416e-01 -1.78199679e-01 -3.45920178e-01]"
4,"[ 0.20802939  0.19929736  0.0596314  -0.08797196 -0.31525829 -0.15212028
 -0.50927502  0.23647927  0.33693492  0.18263784 -0.44292269  0.23379892
 -0.1654701  -0.11418695 -0.05961051 -0.12550155 -0.47234871 -0.33020713
  0.38838947  0.52186303  0.24297691  0.41722958 -0.31474856 -0.05416266
  0.11358357  0.09581102  0.24036734 -0.29300521  0.07297819 -0.04571149
  0.32385591  0.10313882 -0.26428032 -0.47334124 -0.69626621 -0.00759593
  0.64258447 -0.54793603  0.06679492  0.00097623 -0.12938305 -0.03142297
 -0.42717891  0.02153463 -0.0702032   0.07446578  0.36489824  0.3050127
 -0.21458026  0.32578583 -0.39591221 -0.27464093 -0.65209509 -0.3401911
 -0.29680511 -0.22126011 -0.20407582 -0.38146547 -0.5215739  -0.15461482
  0.03692506  0.03208773  0.03118719  0.10454491  0.33826126  0.02415759
 -0.09402696 -0.04625084  0.66539588  0.37450374 -0.56778077  0.20923866
 -0.24015848  0.2759664  -0.1786269  -0.3063881  -0.32181326  0.2927412
 -0.27842782  0.33176416  0.3431685  -0.33902832  0.27768751  0.13154304
 -0.28606611  0.09840205  0.08526661  0.18091469 -0.37191555 -0.4860826
  0.46520212  0.20506178  0.14112224 -0.27837022 -0.0283157  -0.05339139
 -0.36032682  0.09538065  0.46954583 -0.15368653  0.38988068  0.14021968
 -0.12134191 -0.05632617 -0.2494367   0.16893222 -0.45374049  0.33977516
  0.16448462 -0.12373493  0.10836199  0.66516524 -0.0286943   0.19303622
  0.17750856  0.00560026 -0.39987347 -0.0798844   0.15431031 -0.20516988
  0.15159974 -0.49838766 -0.23766524  0.22158497 -0.46427064 -0.69860151
  0.06527773 -0.26791806 -0.16058629 -0.4289294  -0.10718261 -0.00556233
 -0.1555442  -0.15764587  0.02224932 -0.40407746 -0.04742677 -0.12473178
  0.18095524  0.34191915  0.47364267  0.30942374 -0.18164324  0.12086968
 -0.42907841 -0.48032189  0.47084714 -0.46036729 -0.31763269 -0.12959212
  0.03858767  0.07540285  0.39554044 -0.04508     0.14743785 -0.13281208
  0.11505706 -0.20725248  0.41368284  0.15042931 -0.0110237  -0.06152447
  0.31681377  0.42867115 -0.04203999 -0.06073025  0.04020567  0.1924912
 -0.33241727 -0.28070588 -0.27129012  0.30402248 -0.31508459  0.37867503
  0.05761457  0.3075114  -0.12332937  0.00605822  0.06171228 -0.85120618
 -0.1719579   0.41024148  0.08710123 -0.44178242  0.31270404  0.1583041
  0.24833354 -0.173504    0.20538072 -0.16362029  0.07366535 -0.28830822
  0.0354012   0.40216517 -0.14038424 -0.49908639  0.10463391  0.14338723
 -0.26709919 -0.26664503]"
5,"[ 0.2135845   0.16011336  0.12946931 -0.05121516 -0.26091937 -0.10017232
 -0.53318658  0.19219626  0.41877533  0.23220633 -0.43744306  0.41076039
 -0.14208934 -0.04331461 -0.1457721  -0.25458799 -0.45544486 -0.28282191
  0.42864155  0.30727536  0.19564183  0.34536058 -0.27040432 -0.08833738
  0.10710181  0.19260719  0.2048349  -0.2798863  -0.10116512  0.11120043
  0.2423769   0.05969901 -0.25979234 -0.44770119 -0.66599376  0.08522126
  0.63164877 -0.54707723  0.0660909   0.13001806 -0.1893241  -0.00616005
 -0.31133835  0.01064917 -0.08446351  0.07009175  0.31724558  0.3326448
 -0.28819407  0.32768135 -0.31898253 -0.36632755 -0.66749228 -0.44730289
 -0.32265494 -0.23901705 -0.27876659 -0.35488517 -0.48343052 -0.24385008
  0.08758321  0.11700356  0.09742018  0.057253    0.27975742  0.09322881
 -0.0172349  -0.01834302  0.63175652  0.37365738 -0.46167939  0.22207096
 -0.22138444  0.27186385 -0.21003516 -0.25740655 -0.36548694  0.2676351
 -0.26871459  0.34364167  0.40168731 -0.20747725  0.18666649  0.11659947
 -0.2125319   0.23172117  0.03910905  0.20728448 -0.40701021 -0.43709821
  0.48444789  0.18950082  0.11857252 -0.28085381 -0.02713314 -0.13128595
 -0.30501653 -0.06499698  0.56396979 -0.16452798  0.34686564  0.20054517
 -0.08832693 -0.1023465  -0.20816012  0.08161143 -0.45156163  0.31786926
  0.18486751 -0.11563295  0.00685396  0.64014178  0.02544059  0.18865443
  0.17283511  0.04939198 -0.34896321 -0.0930793   0.02750993 -0.13303057
  0.12147434 -0.41959639 -0.14275797  0.28119095 -0.44807681 -0.71853287
  0.07215097 -0.34373364 -0.18367839 -0.44479779 -0.08138616 -0.00930642
 -0.05583987 -0.14003149  0.06659976 -0.32231899 -0.15057551 -0.16281504
  0.22577862  0.25444018  0.39246151  0.32843848 -0.20293199  0.18543608
 -0.34576973 -0.39425952  0.52966536 -0.39248216 -0.30019763 -0.05048625
  0.0496459   0.15562069  0.35170954 -0.08985602  0.06850826 -0.09669592
  0.06631471 -0.12924038  0.29193682  0.1249358   0.02975494 -0.06033256
  0.30592045  0.41204116 -0.05689726 -0.01100879  0.00549191  0.18266928
 -0.2644352  -0.17698908 -0.31161703  0.24582171 -0.27135286  0.37535781
 -0.0188521   0.25663731 -0.16645608  0.05786822  0.22715543 -0.8075343
 -0.07334563  0.38401556  0.08730242 -0.39458894  0.3917836   0.19265229
  0.12008928 -0.13548728  0.26519408 -0.17864754 -0.07307333 -0.26164769
  0.01574383  0.40172178 -0.23234307 -0.46134531  0.03607289  0.14302414
 -0.31398141 -0.22939771]"
6,"[ 0.26851843  0.14724787  0.15426406 -0.0333217  -0.26055768 -0.10961878
 -0.49615553  0.15959025  0.44799944  0.25286241 -0.43665005  0.35861144
 -0.19563512 -0.06113285 -0.04401607 -0.13747742 -0.51035824 -0.32031952
  0.43315799  0.34200542  0.27005372  0.39639105 -0.23639088 -0.06568843
  0.07864958  0.23213449  0.20742306 -0.26094206 -0.06010286  0.09745959
  0.22215363  0.05562316 -0.24848401 -0.54619592 -0.67460385  0.07217255
  0.68324226 -0.56448021  0.05112925  0.07595152 -0.15505504 -0.04221209
 -0.33849169 -0.07268672 -0.10663757  0.0586647   0.36039525  0.35939322
 -0.29723741  0.3688432  -0.37167536 -0.36733229 -0.70099004 -0.52142026
 -0.27850193 -0.16920482 -0.24365919 -0.41572985 -0.52589146 -0.24304565
  0.11290958  0.07322139  0.14560622  0.08029438  0.25899136  0.04291917
 -0.01919585  0.02065778  0.64920197  0.33294503 -0.54326457  0.18014179
 -0.25843392  0.35926292 -0.15804409 -0.31246581 -0.3781176   0.27360704
 -0.28253923  0.35315991  0.45509263 -0.26178243  0.26703908  0.12456196
 -0.2894673   0.19316856  0.04791143  0.24878917 -0.36962748 -0.45119967
  0.42346426  0.19918     0.14177285 -0.30627554 -0.01719348 -0.05956038
 -0.33906671 -0.05227871  0.53964994 -0.21759232  0.33497912  0.18722587
 -0.03012896 -0.05324304 -0.16504105  0.10832852 -0.47899087  0.37365106
  0.16190495 -0.13525411  0.02862734  0.66488177  0.07353516  0.24547386
  0.17043309  0.1363514  -0.36477379 -0.10528049  0.049537   -0.14587051
  0.14025294 -0.50623938 -0.19329464  0.34822392 -0.54135922 -0.71510184
  0.06553234 -0.30758081 -0.15884867 -0.43564822 -0.10012065  0.04155144
 -0.12080578 -0.1205908   0.07074148 -0.33953428 -0.08891276 -0.18072646
  0.20099149  0.2413838   0.44174898  0.29226757 -0.20253749  0.17780852
 -0.34508542 -0.42593205  0.57895531 -0.42959653 -0.30500427 -0.0559549
  0.10254342  0.17298651  0.34884745 -0.03201749  0.06174456 -0.09535364
  0.07331857 -0.09480957  0.27507075  0.13439429  0.04665232 -0.00143895
  0.29036739  0.39702568 -0.04800828 -0.00960278 -0.05099271  0.18190154
 -0.28696562 -0.2218971  -0.26983241  0.25514355 -0.25898203  0.34030449
  0.01919256  0.26739348 -0.12397032  0.01400854  0.27901452 -0.86468503
 -0.12772005  0.4436715   0.12088175 -0.46375946  0.35657418  0.24275994
  0.11235604 -0.13063325  0.3039104  -0.19433049 -0.01396646 -0.23062796
  0.06099476  0.41722053 -0.14504703 -0.43325746  0.0475707   0.13387429
 -0.27722002 -0.27945421]"
7,"[ 0.27170918  0.11994587  0.22602906 -0.04071047 -0.24964449 -0.08610018
 -0.46885784  0.13977589  0.46963785  0.30134184 -0.44562517  0.36343252
 -0.25061403 -0.03704102 -0.06469934 -0.17805919 -0.52281093 -0.29193501
  0.39176207  0.34990617  0.26226376  0.41528787 -0.23661967 -0.05704866
  0.14156764  0.22206419  0.20399869 -0.2191562  -0.13700333  0.10585832
  0.19674425  0.05862217 -0.27003026 -0.53863508 -0.66730842  0.10525598
  0.7341261  -0.59752618  0.06173951  0.11198572 -0.1263599  -0.02346377
 -0.38613952 -0.14419982 -0.04545701  0.06277119  0.35247249  0.34615962
 -0.26356167  0.38258365 -0.35362873 -0.3706293  -0.72336754 -0.55248277
 -0.29655462 -0.10891343 -0.25012592 -0.45442328 -0.54513976 -0.2901532
  0.08383774  0.0694108   0.18617593  0.09886715  0.24054707  0.05788451
  0.03717258  0.06635867  0.6540627   0.31683022 -0.60135169  0.19704752
 -0.33333978  0.38024087 -0.16830113 -0.36603238 -0.37129726  0.24924966
 -0.23822129  0.35530766  0.48935299 -0.22765032  0.21075868  0.0960959
 -0.23971061  0.1926398   0.06547495  0.30635665 -0.33303025 -0.44981106
  0.41953902  0.25799801  0.14543213 -0.29741411 -0.00406032 -0.02472196
 -0.25825363 -0.06223926  0.52235655 -0.27461396  0.28089006  0.19681765
  0.02593748 -0.0872625  -0.19706078  0.09768632 -0.50096121  0.3830694
  0.19977151 -0.13656378 -0.01831972  0.6235785   0.09708897  0.25810464
  0.16329341  0.1482998  -0.40942274 -0.09418311  0.06726132 -0.13031264
  0.12908856 -0.5481677  -0.15094446  0.38331932 -0.59206938 -0.69362362
  0.11066322 -0.33258347 -0.15336439 -0.36971267 -0.12235142  0.00793107
 -0.1014361  -0.09767935  0.06151211 -0.37145192 -0.06722125 -0.1548339
  0.22543115  0.23708256  0.43067367  0.32263418 -0.21206597  0.13846681
 -0.31484157 -0.37340927  0.58451068 -0.45063134 -0.29230858 -0.00769632
  0.12680282  0.19107973  0.36290955 -0.02594605  0.00541575 -0.10195126
  0.02511674 -0.05021707  0.28779866  0.10443965  0.07279473  0.00204768
  0.27260054  0.38586188 -0.02355625 -0.00193628 -0.10491384  0.17534411
 -0.27534968 -0.2279097  -0.30895137  0.2909634  -0.22588411  0.29959405
  0.02678776  0.23391452 -0.08433391  0.01360645  0.30544066 -0.86992993
 -0.12946704  0.43055298  0.13311462 -0.51213427  0.32934066  0.25917622
  0.07494066 -0.14299933  0.36298502 -0.21790834 -0.02891146 -0.15309569
  0.01907981  0.33634306 -0.14407108 -0.36715147  0.02439763  0.10042057
 -0.30257588 -0.31940526]"
8,"[ 2.39546665e-01  1.73508892e-01  1.40550428e-01 -8.37966932e-03
 -2.79950827e-01 -1.27143032e-01 -4.91818929e-01  1.47706846e-01
  4.84976004e-01  2.12061250e-01 -4.17491982e-01  4.00577186e-01
 -2.11304460e-01 -3.67369546e-02 -7.93576434e-02 -1.37121489e-01
 -4.79271044e-01 -3.02399549e-01  4.19145785e-01  4.10568918e-01
  2.17623467e-01  3.30633992e-01 -2.29478580e-01 -2.71449020e-02
  8.51550782e-02  1.47659549e-01  1.51430048e-01 -2.46543659e-01
 -6.29186954e-02  1.29463520e-01  1.70366099e-01  7.90012574e-02
 -2.07386397e-01 -5.13301995e-01 -6.81307606e-01  6.99386484e-02
  6.57851141e-01 -5.35516286e-01  5.62650224e-02  1.33448318e-01
 -1.69031011e-01 -5.63215136e-02 -3.52548287e-01 -4.77751210e-02
 -8.34915080e-02  1.78225479e-02  3.12989040e-01  3.51981558e-01
 -2.44243408e-01  3.18274185e-01 -3.61245565e-01 -3.11477217e-01
 -7.21798531e-01 -5.26607573e-01 -3.02135021e-01 -1.73152371e-01
 -2.67145560e-01 -4.05355753e-01 -5.20707179e-01 -2.58533076e-01
  1.31585035e-01  8.57324139e-02  1.01962712e-01  9.85517460e-02
  2.63341348e-01  1.23247839e-02  2.96265104e-02  2.89304643e-02
  7.07585884e-01  3.84767983e-01 -4.95617017e-01  1.53106132e-01
 -2.77181852e-01  3.25307176e-01 -1.85159479e-01 -2.56877260e-01
 -3.73935212e-01  3.06002579e-01 -2.98554642e-01  4.07877244e-01
  4.66799578e-01 -2.77627288e-01  3.35322277e-01  1.60246450e-01
 -2.49318817e-01  2.00303489e-01  1.29599272e-02  2.35932432e-01
 -3.90194145e-01 -4.45249073e-01  3.89009240e-01  1.87176640e-01
  1.81382593e-01 -2.97132960e-01 -2.68023564e-02 -5.58876705e-02
 -3.66392153e-01 -2.01972587e-02  5.64072700e-01 -1.72648520e-01
  3.24197065e-01  1.65013746e-01 -6.70037622e-02 -4.93211476e-02
 -1.88740444e-01  1.17292894e-01 -5.10419407e-01  3.32786890e-01
  2.40061409e-01 -1.49165674e-01  4.67437620e-02  6.59329830e-01
  5.41425339e-02  2.20808315e-01  1.89261829e-01  1.47484172e-01
 -4.19217102e-01 -1.02190482e-01  2.54243586e-02 -1.31260623e-01
  1.32963841e-01 -5.03411317e-01 -1.66731608e-01  3.11000873e-01
 -4.74608733e-01 -6.71725097e-01  7.24942536e-02 -3.28694165e-01
 -1.80748068e-01 -4.10564168e-01 -1.18888491e-01  5.64734346e-02
 -8.60075774e-02 -1.25644760e-01  8.94773169e-02 -2.97331442e-01
 -1.03065781e-01 -1.52709271e-01  1.51555102e-01  2.07441249e-01
  4.02956592e-01  3.03257130e-01 -1.71565582e-01  1.43802643e-01
 -3.03230025e-01 -4.29158431e-01  5.97795122e-01 -3.98937823e-01
 -3.26933266e-01 -6.00710490e-02  1.42469557e-01  1.60621204e-01
  3.22768703e-01 -6.32787822e-02  8.40530006e-02 -7.45722851e-02
  2.29143824e-02 -9.66400740e-02  2.92717921e-01  1.01334308e-01
  1.04072471e-01 -8.29425717e-04  2.68408501e-01  3.67166412e-01
 -8.05160088e-02 -4.40921919e-02 -2.21920689e-02  2.06690958e-01
 -2.03848832e-01 -1.84842728e-01 -2.70463228e-01  2.82308560e-01
 -2.38962692e-01  3.55961100e-01  3.46148089e-03  2.09208385e-01
 -1.73426672e-01  3.75659932e-03  2.63171207e-01 -8.44029680e-01
 -1.21116868e-01  4.56436248e-01  8.90693666e-02 -4.56810694e-01
  3.33958819e-01  2.38311133e-01  9.07735077e-02 -1.47476437e-01
  3.23197983e-01 -2.15086064e-01 -5.48310977e-02 -2.88172815e-01
  7.79563587e-03  3.97476206e-01 -1.62698229e-01 -4.74280942e-01
  4.40999766e-02  1.16755252e-01 -3.16792561e-01 -3.08683704e-01]"
9,"[ 0.26718627  0.20218949  0.23356925 -0.05013202 -0.25901052 -0.10982638
 -0.56075657  0.17626113  0.53485013  0.30566266 -0.40671394  0.35893281
 -0.27288112 -0.05250365 -0.13594254 -0.18120716 -0.49506793 -0.28550978
  0.41490377  0.35354517  0.21900307  0.36421142 -0.24486681 -0.09223628
  0.10310806  0.20248581  0.23225291 -0.33259737 -0.16562869  0.04113333
  0.17878122  0.07948445 -0.26317361 -0.52686847 -0.59277583  0.06369113
  0.75166401 -0.58740308  0.06126494  0.17993417 -0.16771284 -0.02650122
 -0.36318069 -0.17272938 -0.09826822  0.04789046  0.33910688  0.32677795
 -0.29583731  0.50117506 -0.36109733 -0.39265247 -0.68117479 -0.55597963
 -0.36182735 -0.19647857 -0.26986811 -0.39977166 -0.47285961 -0.30950666
  0.08537552  0.11268133  0.20200957  0.09050541  0.30707677  0.07692398
 -0.03844148  0.04643018  0.72490285  0.33074176 -0.57822637  0.2695667
 -0.3528386   0.40516485 -0.23707036 -0.32587122 -0.44349166  0.31820459
 -0.26226648  0.41381135  0.47463046 -0.21375185  0.1619854   0.1247479
 -0.24450523  0.22904816  0.02926415  0.20613108 -0.37811232 -0.46612932
  0.50349738  0.16118786  0.0943966  -0.31118073 -0.00373894  0.00952714
 -0.26549328 -0.03519575  0.58951048 -0.2767408   0.33276512  0.16419048
  0.02907963 -0.09302762 -0.21407293  0.11151743 -0.46630521  0.3647598
  0.21215069 -0.13209218  0.01437997  0.706992    0.04549824  0.24258158
  0.0991304   0.13129059 -0.4328031  -0.02076688  0.07405694 -0.11205619
  0.11266395 -0.45139876 -0.0968675   0.33675601 -0.59120077 -0.74650209
  0.05977517 -0.32331406 -0.17420604 -0.46196167 -0.14402873  0.08447733
 -0.11160076 -0.09772349  0.03091125 -0.3061289  -0.13050812 -0.18915933
  0.18618615  0.27003202  0.41546171  0.29383925 -0.20077408  0.17425469
 -0.30597379 -0.41243322  0.49262972 -0.48906444 -0.31967581 -0.05769019
  0.06959641  0.15572745  0.39802379 -0.05844678  0.06386553 -0.13388114
  0.06533687 -0.07135136  0.30805551  0.13444023  0.04513952  0.00629875
  0.30212549  0.41194443 -0.11007483  0.00569312 -0.1018925   0.22230032
 -0.26676554 -0.22024858 -0.33431899  0.30836792 -0.30092758  0.33593426
  0.00796955  0.21593638 -0.1123957  -0.08212089  0.27826851 -0.89327182
 -0.15622099  0.39581575  0.06869044 -0.45214602  0.35028115  0.24678351
  0.13496963 -0.14944424  0.35749566 -0.25214614 -0.06874548 -0.19546646
 -0.00772671  0.35086325 -0.16698329 -0.44920611  0.03791561  0.12872194
 -0.38090467 -0.26945152]"
10,"[ 0.2576887   0.09798559  0.19753692  0.00282367 -0.23724338 -0.12328515
 -0.47277072  0.17866831  0.48564444  0.23510776 -0.41691894  0.36589823
 -0.254061   -0.04855554 -0.03775788 -0.12041436 -0.48328839 -0.28843568
  0.43597603  0.33613948  0.27742123  0.37395861 -0.23777502 -0.06187348
  0.08074903  0.21622207  0.1824724  -0.26658157 -0.0695779   0.10813912
  0.17875702  0.06206377 -0.23075988 -0.49895774 -0.69035851  0.08770215
  0.66579201 -0.54289209  0.08320598  0.06707922 -0.13490781 -0.03974126
 -0.38169997 -0.06566352 -0.06385258  0.06362315  0.33286273  0.33797105
 -0.28945001  0.35557441 -0.39714549 -0.36648619 -0.76311734 -0.5428859
 -0.25241882 -0.19192608 -0.23529789 -0.42382256 -0.5364015  -0.23027136
  0.13575736  0.06276871  0.14085791  0.05873813  0.26202587  0.04004641
  0.05644677  0.05348408  0.63297182  0.37457077 -0.5540752   0.19148512
 -0.27782966  0.38425506 -0.16479065 -0.25758196 -0.33632596  0.30300104
 -0.30243058  0.34812514  0.50151967 -0.26844327  0.30148834  0.16838326
 -0.30320921  0.17066638  0.00952897  0.25450291 -0.35165952 -0.44215638
  0.35883619  0.23491999  0.16127802 -0.32795115 -0.00253103 -0.06465121
 -0.33890683 -0.07050422  0.54099552 -0.20259294  0.32380731  0.16793044
 -0.05270075 -0.03880686 -0.16321148  0.15024929 -0.50205679  0.3955369
  0.21427473 -0.12679448  0.01873566  0.63605989  0.07599624  0.25750613
  0.15296438  0.17137501 -0.39593588 -0.09378676  0.0676938  -0.11180372
  0.13309035 -0.55264019 -0.19988361  0.3398234  -0.51982337 -0.67212812
  0.05640929 -0.31168713 -0.13987725 -0.39668695 -0.10063572  0.06804611
 -0.10777018 -0.08106517  0.13225108 -0.32075939 -0.104462   -0.15617464
  0.22082725  0.15851298  0.41865541  0.2405029  -0.21378955  0.14852242
 -0.35671676 -0.40096177  0.59639893 -0.41111998 -0.31878013 -0.04501813
  0.12831125  0.20352783  0.32772768 -0.03015868  0.05967853 -0.06521542
  0.02925405 -0.08014976  0.27601451  0.12437783  0.07447558  0.01216039
  0.28967821  0.36865849 -0.02435129  0.01070089 -0.05359342  0.16653044
 -0.23738425 -0.23397234 -0.28511048  0.25964728 -0.26213581  0.30247552
  0.06705803  0.26459058 -0.14956054  0.03086188  0.30221799 -0.86821138
 -0.10064875  0.44282415  0.13883136 -0.46879649  0.34953881  0.26308887
  0.06735378 -0.13106254  0.31913186 -0.22258997 -0.07544502 -0.24726051
 -0.00398449  0.39147825 -0.1317801  -0.45612091  0.04997697  0.14358105
 -0.26582272 -0.31307716]"
11,"[ 2.96603273e-01  2.39631429e-01  1.00238074e-01  2.29671441e-02
 -2.93946845e-01 -7.87539559e-02 -4.90593253e-01  1.62250245e-01
  3.80395235e-01  1.76390539e-01 -3.33731035e-01  4.19200532e-01
 -1.62906938e-01 -1.27427925e-01 -8.52984119e-02 -6.46900209e-02
 -4.81792572e-01 -3.67816731e-01  4.93433891e-01  3.77830107e-01
  2.25252483e-01  3.73135054e-01 -2.29709964e-01 -1.80884077e-02
  6.84478421e-03  2.24041326e-01  2.00282787e-01 -3.29101247e-01
  1.16194724e-02  3.10521826e-02  2.14560427e-01  1.98881136e-02
 -2.07948494e-01 -5.88082804e-01 -6.76572896e-01 -1.07535456e-02
  6.25375298e-01 -5.36956793e-01  8.02247932e-02  5.52121632e-02
 -1.15144261e-01 -1.86358603e-02 -2.71671977e-01 -5.57235287e-02
 -1.87347598e-01 -6.09431721e-04  3.04164918e-01  3.15703659e-01
 -3.56636702e-01  3.50489885e-01 -4.39619149e-01 -3.78217534e-01
 -6.45344497e-01 -4.95013202e-01 -3.35585198e-01 -2.53363548e-01
 -2.78652015e-01 -3.17425307e-01 -4.99602521e-01 -1.95315173e-01
  1.52200926e-01  1.67570222e-01  1.65655467e-01 -7.45766564e-03
  2.76876141e-01  9.38917413e-02 -1.14407522e-01 -2.84246468e-02
  6.74635146e-01  3.23243832e-01 -5.85358759e-01  1.85181750e-01
 -1.72264992e-01  3.16444830e-01 -2.04745941e-01 -2.88278438e-01
 -4.11246717e-01  3.13454205e-01 -2.80996528e-01  3.18703599e-01
  3.54813478e-01 -3.00030632e-01  2.77667332e-01  1.03821201e-01
 -3.14263722e-01  2.43266629e-01  2.16198425e-02  2.75543515e-01
 -3.94438134e-01 -4.48631205e-01  4.79360926e-01  7.54035128e-02
  4.65907359e-02 -3.09866801e-01 -7.06575042e-02 -1.18505500e-01
 -4.00303860e-01  8.92689127e-03  5.21855808e-01 -1.97294436e-01
  4.30709832e-01  1.70764742e-01 -2.60992396e-03 -1.39835490e-02
 -1.34066004e-01  1.23777588e-01 -3.86125500e-01  3.55386653e-01
  1.54153052e-01 -6.33174840e-02  3.43526536e-02  7.12324891e-01
  9.05756671e-02  2.05851150e-01  1.75365254e-01  1.27467383e-01
 -3.18234964e-01 -7.31717093e-02 -8.19873584e-02 -2.13614979e-01
  8.46708570e-02 -4.39911402e-01 -2.00083632e-01  3.54107146e-01
 -4.56933793e-01 -8.48940824e-01 -1.90413713e-03 -2.90535344e-01
 -1.52713907e-01 -4.29199512e-01 -1.08495407e-01  9.17672095e-02
 -9.66279314e-02 -1.90610319e-01  9.14068406e-02 -3.03800158e-01
 -1.21737785e-01 -2.36275097e-01  1.80921493e-01  2.47757930e-01
  4.03034887e-01  3.30409462e-01 -1.44095290e-01  2.43222211e-01
 -2.92666495e-01 -5.44279379e-01  5.50206252e-01 -3.86075656e-01
 -2.55092483e-01 -1.30124590e-01  8.44776862e-02  5.70421244e-02
  3.24485768e-01 -1.02024444e-01  1.63292975e-01 -4.09621039e-02
  1.57119690e-01 -1.53028909e-01  2.91959485e-01  2.56538781e-01
 -5.35613174e-02 -5.09004875e-02  3.50008198e-01  3.98922269e-01
 -3.43317174e-02  1.77099836e-02  1.81414982e-02  2.21213269e-01
 -2.48766880e-01 -2.39488628e-01 -1.95153591e-01  2.33386745e-01
 -3.46601495e-01  4.15730979e-01  2.77804622e-02  2.48944460e-01
 -8.39934873e-02  3.75313963e-03  2.91915143e-01 -8.90205171e-01
 -1.32205327e-01  4.39832765e-01  1.30487677e-01 -4.53030148e-01
  3.70278285e-01  1.87506333e-01  1.87125257e-01 -5.05920666e-02
  2.16153785e-01 -2.03923848e-01 -2.49479589e-02 -2.53129480e-01
  4.01769127e-02  4.57333065e-01 -2.24806035e-01 -4.94847023e-01
  1.51507260e-01  1.66214374e-01 -1.97440902e-01 -2.84309656e-01]"
12,"[ 0.297546    0.09714671  0.08409943  0.02466546 -0.33028884 -0.12903672
 -0.55398845  0.2590037   0.46590899  0.25590125 -0.42782758  0.35618805
 -0.20402551 -0.0106214  -0.05340973 -0.07097572 -0.53244574 -0.31234582
  0.34357599  0.42573844  0.20866295  0.3362695  -0.22828099 -0.03397602
  0.09625557  0.16163076  0.20431918 -0.26976196  0.00202102  0.0401303
  0.16829159  0.04717169 -0.25772635 -0.49228468 -0.73630645 -0.05542789
  0.60838883 -0.55274797  0.05675621  0.11260536 -0.06470021 -0.03865709
 -0.43438224 -0.00386996 -0.03335254 -0.05037097  0.29753426  0.41140223
 -0.31611717  0.35764284 -0.33913531 -0.28401191 -0.74602428 -0.50580149
 -0.25928025 -0.16208477 -0.22975795 -0.40572411 -0.4813235  -0.21667808
  0.06941384  0.01135289  0.04164454  0.09351176  0.23078189  0.01200963
 -0.03860465  0.00330933  0.66953436  0.40813846 -0.55392844  0.16662273
 -0.26056478  0.33303617 -0.10653355 -0.19865287 -0.28012826  0.32328008
 -0.35172061  0.32744661  0.49572093 -0.28221095  0.32934256  0.09786744
 -0.28142724  0.12526139 -0.00416585  0.16416752 -0.34512841 -0.40118769
  0.27991899  0.21713894  0.23744572 -0.26751764 -0.04761989  0.02160589
 -0.4716772   0.00776209  0.53686579 -0.19802289  0.28210791  0.12468156
 -0.1432408  -0.02438163 -0.15223018  0.18537142 -0.50874385  0.32581869
  0.18788077 -0.1631607   0.11925605  0.59670204  0.04080008  0.24711686
  0.24246528  0.1336393  -0.38738083 -0.08575135  0.1038103  -0.19220488
  0.16109587 -0.51066054 -0.1347494   0.31050884 -0.48013836 -0.6251923
  0.08307669 -0.34822203 -0.24022455 -0.36011061 -0.11769702  0.03267156
 -0.10160437 -0.13826443  0.11025606 -0.29681058 -0.06536463 -0.11774913
  0.17115506  0.21781562  0.46114813  0.23040288 -0.15624229  0.12824601
 -0.35344123 -0.50935074  0.55317491 -0.3977213  -0.30467765 -0.07766924
  0.08005282  0.18386531  0.30419013  0.03873839  0.08501312 -0.08980981
 -0.03042537 -0.13645738  0.28406086  0.06217774  0.13526218  0.00776397
  0.24271277  0.3654844  -0.02495648 -0.08494835  0.03198948  0.27151981
 -0.16759587 -0.21445921 -0.19466386  0.29218065 -0.23169978  0.32531381
  0.08459511  0.27343853 -0.1967377  -0.00975332  0.21140073 -0.82657965
 -0.13554774  0.47845468  0.0037578  -0.43061996  0.27533447  0.23131684
  0.13152314 -0.21709303  0.30143488 -0.256007    0.0099037  -0.34025918
  0.08633675  0.43192641 -0.09386812 -0.50685455  0.03101442  0.11094581
 -0.28185663 -0.27137193]"
13,"[ 2.44572335e-01  1.70792480e-01  1.42641736e-01  3.57476636e-03
 -2.79203787e-01 -1.25871571e-01 -4.87582186e-01  1.65984617e-01
  4.86096844e-01  2.64204009e-01 -4.17735374e-01  4.20226276e-01
 -2.13488546e-01 -1.34429087e-02 -6.48657214e-02 -1.51076689e-01
 -4.76635156e-01 -2.88225762e-01  4.40994171e-01  3.48951655e-01
  2.26434579e-01  3.61861832e-01 -2.49574254e-01 -2.24852755e-02
  9.96192638e-02  2.00126486e-01  1.59578548e-01 -2.40571213e-01
 -8.06982086e-02  1.25758849e-01  1.61111349e-01  5.60591679e-02
 -2.16010977e-01 -5.10860985e-01 -6.75983020e-01  7.30366643e-02
  6.65054235e-01 -5.38320657e-01  5.23631078e-02  1.16328981e-01
 -1.59957388e-01 -2.83763350e-02 -3.41498926e-01 -8.24406910e-02
 -8.64616233e-02  4.50886098e-02  3.09643661e-01  3.72356610e-01
 -2.60676244e-01  2.80943818e-01 -3.64896816e-01 -3.26772003e-01
 -7.54407100e-01 -5.35502142e-01 -2.98371290e-01 -1.77771979e-01
 -2.62386639e-01 -3.79994277e-01 -5.40353671e-01 -2.65800005e-01
  1.24652175e-01  6.90267317e-02  1.60672587e-01  7.17130058e-02
  2.37478034e-01  3.10075606e-02  2.71733482e-02  4.01525316e-02
  6.92146892e-01  3.79787693e-01 -5.17372937e-01  1.48152617e-01
 -2.67389105e-01  3.23685108e-01 -1.64375143e-01 -2.69022714e-01
 -3.41594682e-01  2.83378433e-01 -2.77226503e-01  3.68903784e-01
  4.88664326e-01 -2.67002093e-01  2.94674636e-01  1.66085581e-01
 -2.85541213e-01  2.13513270e-01 -7.35675288e-05  2.47292897e-01
 -3.87751985e-01 -4.18047682e-01  3.75487069e-01  2.16052529e-01
  1.56393636e-01 -2.85751379e-01 -3.64327056e-02 -4.96858429e-02
 -3.53085130e-01 -5.30825359e-02  5.45695671e-01 -1.76913766e-01
  3.20281531e-01  1.81182030e-01 -2.84828939e-02 -7.50154733e-02
 -2.10731682e-01  1.35302147e-01 -4.91221314e-01  3.65178651e-01
  2.29694487e-01 -1.47515218e-01  1.90733507e-02  6.23397825e-01
  9.99302610e-02  2.36670441e-01  1.75858433e-01  1.43999139e-01
 -3.99967428e-01 -9.07704355e-02  4.01808973e-04 -1.51497370e-01
  1.43370860e-01 -4.89290205e-01 -1.54640827e-01  3.60726821e-01
 -4.86143928e-01 -7.05430734e-01  6.88886252e-02 -3.38762994e-01
 -1.43103276e-01 -4.09981055e-01 -1.08877831e-01  3.53594890e-02
 -7.91774162e-02 -1.25658381e-01  9.98561680e-02 -3.17356199e-01
 -9.69731200e-02 -1.30753896e-01  1.85260792e-01  1.79353550e-01
  3.97350996e-01  3.02347279e-01 -1.65410404e-01  1.80651015e-01
 -2.85461301e-01 -4.29432176e-01  5.93420649e-01 -3.92540870e-01
 -3.24191086e-01 -5.40655802e-02  1.11302588e-01  1.56174034e-01
  3.29234344e-01 -6.40547528e-02  6.42835343e-02 -5.73155684e-02
  2.51927406e-02 -6.68419337e-02  2.53367180e-01  1.02076941e-01
  6.59283631e-02  7.84962260e-03  2.89851903e-01  4.07511516e-01
 -2.68662415e-02 -3.86318717e-02 -3.70546166e-02  1.93439436e-01
 -2.11720110e-01 -1.75869112e-01 -2.58724046e-01  2.69618804e-01
 -2.72300091e-01  3.48755424e-01  1.38986381e-02  2.22176620e-01
 -1.49785415e-01  1.35243722e-02  3.11253475e-01 -8.47522003e-01
 -1.07761061e-01  4.56209782e-01  1.19160890e-01 -4.67951455e-01
  3.49795123e-01  2.38603189e-01  7.21676366e-02 -1.43592898e-01
  2.91981938e-01 -2.25644726e-01 -3.11620258e-02 -2.52615397e-01
  3.07528498e-02  3.79970942e-01 -1.77968767e-01 -4.44136661e-01
  5.80794084e-02  1.21064202e-01 -2.89819535e-01 -2.94585944e-01]"
14,"[ 2.55417818e-01  1.73394172e-01  1.22051150e-01 -6.09448341e-02
 -1.89854290e-01 -1.12814770e-01 -5.16843543e-01  2.04314758e-01
  4.39525992e-01  2.44162865e-01 -4.06107510e-01  3.73386221e-01
 -2.22598158e-01 -4.94683047e-02 -4.14374768e-02 -1.48200965e-01
 -4.82046968e-01 -3.42826969e-01  3.88115958e-01  3.46367824e-01
  2.71885571e-01  4.20126201e-01 -2.50186714e-01 -4.75349039e-02
  9.81936253e-02  2.10405685e-01  2.25245143e-01 -2.32050334e-01
 -6.13241494e-03  1.19762725e-01  2.69449733e-01  6.47059440e-02
 -3.08369343e-01 -4.87237321e-01 -7.08607661e-01  1.11291357e-01
  6.06325936e-01 -5.34689423e-01  7.48787641e-02  3.56688120e-02
 -1.37626780e-01 -6.44060961e-02 -3.73895489e-01 -2.45561334e-02
 -7.47441890e-02  6.77154453e-02  3.45434852e-01  3.43836724e-01
 -2.78446854e-01  3.57643603e-01 -3.83919961e-01 -3.75690163e-01
 -6.98222987e-01 -4.77805583e-01 -2.48747377e-01 -1.97749945e-01
 -2.11290559e-01 -4.21839667e-01 -4.91974167e-01 -2.15811122e-01
  6.08788254e-02  4.88976909e-02  1.17053508e-01  9.22181763e-02
  2.61261088e-01  9.92531421e-02  5.68197626e-02  3.78911470e-05
  6.69153119e-01  3.52380240e-01 -5.23801165e-01  2.33687624e-01
 -2.21549706e-01  3.15730929e-01 -1.79583314e-01 -2.89249335e-01
 -3.60418177e-01  2.68736980e-01 -3.11308937e-01  2.85324140e-01
  4.21024648e-01 -2.49163497e-01  2.99225909e-01  6.02438903e-02
 -2.39009958e-01  1.96910421e-01  4.21501509e-02  2.57785144e-01
 -3.36038003e-01 -4.61089993e-01  4.19032556e-01  2.34805031e-01
  1.47603103e-01 -2.87484335e-01  7.31161814e-03 -8.46289772e-02
 -3.38777625e-01 -2.85308814e-03  4.94457135e-01 -1.79826054e-01
  3.21204558e-01  1.99456832e-01 -9.18671494e-02 -4.20255742e-02
 -1.34430296e-01  7.09005693e-02 -4.98149426e-01  3.42144834e-01
  1.52994080e-01 -1.32363206e-01  3.29486014e-02  6.37292264e-01
  2.37614524e-03  2.08228808e-01  2.13878424e-01  8.57900271e-02
 -3.76462993e-01 -9.73073776e-02  6.39466642e-02 -1.60448840e-01
  1.61003581e-01 -5.19668387e-01 -2.29908995e-01  3.27487545e-01
 -4.91265265e-01 -7.05640916e-01  5.14142753e-02 -3.27258923e-01
 -1.71346777e-01 -4.17416638e-01 -1.07456206e-01  3.24477012e-03
 -1.17046862e-01 -1.35801678e-01  1.03645866e-01 -3.46082498e-01
 -8.86381669e-02 -1.54979535e-01  2.26181755e-01  2.46092347e-01
  4.86202767e-01  3.06361074e-01 -2.21510337e-01  1.16510130e-01
 -4.01213904e-01 -4.09257012e-01  5.46300763e-01 -4.05861073e-01
 -2.73580557e-01 -5.61388082e-02  1.02759641e-01  2.08723675e-01
  3.60584867e-01 -8.83287894e-03  4.32949464e-02 -9.17415135e-02
  5.54230485e-02 -1.37427543e-01  2.94887174e-01  1.50354110e-01
  6.83871589e-02 -2.42149612e-02  2.69095890e-01  3.57684318e-01
 -4.99090504e-02 -6.00495626e-03 -4.41033256e-02  1.85125641e-01
 -2.95884236e-01 -2.19052725e-01 -3.01001102e-01  2.87029630e-01
 -2.90831951e-01  3.28755023e-01 -1.09825575e-02  2.98091085e-01
 -1.59514530e-01  5.08223421e-02  1.94334602e-01 -8.25847599e-01
 -9.26054648e-02  4.26055822e-01  1.11788786e-01 -4.29709988e-01
  3.64920114e-01  1.99777312e-01  1.31213487e-01 -1.36296241e-01
  2.72692325e-01 -2.27222850e-01 -6.75539742e-02 -2.95380509e-01
  4.95962283e-02  4.10637570e-01 -1.54598509e-01 -4.42508581e-01
  1.11584797e-02  1.35152002e-01 -2.90698681e-01 -2.67966909e-01]"
15,"[ 0.25576507  0.17863218  0.14582258 -0.01403828 -0.27535519 -0.10291809
 -0.48624445  0.16363789  0.43390626  0.22648521 -0.4089827   0.38471674
 -0.20821773 -0.06275853 -0.07572655 -0.15269169 -0.46626765 -0.29518644
  0.43931501  0.3731443   0.23661797  0.36601243 -0.25656265 -0.05139055
  0.08536628  0.18545421  0.16443628 -0.26957476 -0.04914627  0.07629688
  0.19732519  0.05087331 -0.22571573 -0.50426283 -0.66460664  0.0515644
  0.663278   -0.54530356  0.060442    0.08590293 -0.14511509 -0.01184599
 -0.33854207 -0.0674311  -0.09595345  0.04646575  0.31819955  0.32527515
 -0.28745895  0.31812125 -0.37863512 -0.34906494 -0.69669504 -0.50697628
 -0.31718994 -0.20434882 -0.25884267 -0.36263984 -0.5210709  -0.24301087
  0.12490384  0.09966849  0.14366047  0.04921361  0.26373322  0.056088
 -0.0130268   0.02033506  0.66520569  0.34822317 -0.54877203  0.18009806
 -0.24610675  0.32928173 -0.18408622 -0.28809054 -0.35068816  0.28921711
 -0.26536551  0.35152842  0.44076285 -0.26472107  0.26222712  0.13907599
 -0.27260452  0.20476148  0.02923298  0.25842485 -0.37845484 -0.43490935
  0.4153706   0.18296412  0.11876463 -0.31062925 -0.038914   -0.07643372
 -0.32455975 -0.02815346  0.52662676 -0.19281301  0.34293409  0.16695094
 -0.02656978 -0.05833156 -0.19024404  0.13128544 -0.45576882  0.35412945
  0.21020599 -0.10975908  0.02448213  0.65190955  0.06671529  0.2205191
  0.15787337  0.1249414  -0.38226973 -0.09034113  0.01497829 -0.15933093
  0.12439542 -0.47561658 -0.16468629  0.33146087 -0.47293561 -0.72492446
  0.06411962 -0.30315006 -0.15680577 -0.39146129 -0.1090693   0.03693906
 -0.08783274 -0.1293651   0.08859347 -0.32456442 -0.10386998 -0.16408547
  0.19593061  0.22219405  0.405345    0.31382012 -0.17657179  0.18144583
 -0.3067147  -0.43947777  0.56482175 -0.41392099 -0.30071464 -0.07073822
  0.09700894  0.12063181  0.33418006 -0.07614403  0.09139685 -0.06549742
  0.06776238 -0.10117133  0.28803817  0.14766167  0.02232748 -0.01368719
  0.31023289  0.39998362 -0.03016764 -0.00631246 -0.01239796  0.18389879
 -0.24553727 -0.21697089 -0.26101234  0.26316102 -0.28010106  0.36145109
  0.02946029  0.23142648 -0.12746616  0.02780489  0.27027065 -0.8645998
 -0.11819681  0.43106417  0.12302911 -0.44718707  0.3568721   0.21424764
  0.11446986 -0.12882136  0.28641399 -0.20189327 -0.03685939 -0.23361793
  0.01692976  0.38957042 -0.18328391 -0.45214519  0.0902871   0.14013621
 -0.26299581 -0.29444813]"
16,"[ 0.24912416  0.1706957   0.1354126  -0.06579772 -0.25814129 -0.1080686
 -0.52160226  0.17828117  0.46745397  0.26247663 -0.45626955  0.370953
 -0.18649219 -0.01653941 -0.07125945 -0.17723249 -0.51447584 -0.3231354
  0.39372498  0.32647106  0.24028846  0.37138378 -0.22734618 -0.07194831
  0.09002926  0.21686119  0.21572544 -0.25418878 -0.06747985  0.13210771
  0.22454475  0.08417616 -0.24982906 -0.51073945 -0.65152133  0.04997134
  0.69013693 -0.54290882  0.04928234  0.12655242 -0.1543061  -0.03962703
 -0.31560403 -0.096582   -0.07716559  0.04541263  0.33120052  0.3831197
 -0.25651705  0.34687407 -0.3510485  -0.34703127 -0.69897213 -0.48113612
 -0.28306091 -0.13423869 -0.23766242 -0.40954678 -0.50403795 -0.22976087
  0.07279541  0.07830663  0.12854931  0.13333934  0.24801634  0.02983978
 -0.00284879  0.01880188  0.69101276  0.33255037 -0.50046729  0.19810479
 -0.22588345  0.31968194 -0.17068453 -0.32887191 -0.36308241  0.26976325
 -0.27317702  0.35652955  0.45103971 -0.23174362  0.25439528  0.09927895
 -0.25406549  0.20480748  0.03898132  0.20584318 -0.374367   -0.43706958
  0.4349316   0.19064159  0.14243088 -0.27578454 -0.01754326 -0.07203838
 -0.33478538 -0.03009477  0.53418289 -0.20958928  0.32548081  0.17449878
 -0.05048852 -0.05963833 -0.18152912  0.092737   -0.46565317  0.33732606
  0.16115174 -0.14383457  0.0500155   0.64425031  0.08644634  0.24839724
  0.18363449  0.09988471 -0.37896017 -0.0850655   0.04310622 -0.14972489
  0.12524852 -0.44512786 -0.17247931  0.33922757 -0.5359257  -0.69594685
  0.07442769 -0.33743991 -0.15681547 -0.45600728 -0.10805894  0.02806079
 -0.11573115 -0.16101509  0.06477534 -0.31673082 -0.08598681 -0.17159968
  0.2202298   0.28127391  0.44072699  0.29336614 -0.1946543   0.15061721
 -0.34916149 -0.42237663  0.56051111 -0.40002055 -0.29927787 -0.04476693
  0.10398932  0.18034475  0.36119196 -0.02525229  0.06847493 -0.10928016
  0.02616982 -0.07137382  0.27342372  0.10336735  0.08088809 -0.0076577
  0.30214308  0.39453903 -0.05266347 -0.05405753 -0.05348269  0.20917414
 -0.24765894 -0.19954375 -0.28806751  0.26705422 -0.26078011  0.36499777
 -0.00425295  0.28254082 -0.16054925 -0.00752511  0.24099753 -0.82587874
 -0.10164294  0.3941302   0.09726347 -0.4271358   0.3540302   0.24293958
  0.10768393 -0.16615467  0.30872245 -0.20612445  0.00300517 -0.26565572
  0.09198764  0.43113366 -0.17806483 -0.39779611 -0.00528427  0.10757381
 -0.32087303 -0.26955281]"
17,"[ 0.21438079  0.19517099  0.01819181 -0.00279072 -0.20713989 -0.13085477
 -0.58470877  0.32064342  0.43883407  0.24975586 -0.35220213  0.41155582
 -0.13519746 -0.00709495 -0.08202036 -0.15724679 -0.42392627 -0.36695277
  0.3846902   0.35071775  0.19538987  0.43431336 -0.24889046 -0.02522386
  0.08228209  0.11717393  0.29568767 -0.26808217 -0.02081833  0.0399793
  0.30974205  0.09700354 -0.37040798 -0.43377496 -0.77882981  0.08385441
  0.46132783 -0.53932842  0.13335883 -0.01293632 -0.17710073 -0.08390132
 -0.43128734  0.09760236 -0.11447953  0.05369738  0.28844462  0.36287901
 -0.29925914  0.41065701 -0.29775308 -0.34020559 -0.71628861 -0.37884658
 -0.30618445 -0.31079316 -0.26970457 -0.44552731 -0.43283937 -0.22594564
 -0.01234876  0.00477408  0.09157367  0.00656898  0.30582581  0.16685261
 -0.03125888 -0.07537059  0.6755239   0.44014429 -0.42682676  0.26695528
 -0.26713001  0.23989145 -0.13620908 -0.19967527 -0.3831019   0.27450417
 -0.35902365  0.26883011  0.33585582 -0.21326437  0.32863574  0.00730009
 -0.21239002  0.21028182  0.01712272  0.17995953 -0.34383098 -0.4412032
  0.54682303  0.1897058   0.20705003 -0.19465992 -0.00605163 -0.06034745
 -0.4405893   0.06696545  0.51487802 -0.10732046  0.33810863  0.23157168
 -0.2214643  -0.05290703 -0.16124571  0.00280147 -0.5341059   0.27636689
  0.1246385  -0.17756167  0.05613275  0.59480873 -0.12595185  0.07672587
  0.32343913  0.02062156 -0.3562869  -0.0539783   0.0808041  -0.21516522
  0.20791219 -0.43996706 -0.1849408   0.21275087 -0.4404229  -0.73101516
  0.00492812 -0.38599182 -0.21726114 -0.48565766 -0.13350348 -0.04796856
 -0.06290017 -0.19085283  0.05574405 -0.31127915 -0.098999   -0.14524402
  0.16432433  0.24222894  0.49770213  0.29231959 -0.25385802  0.10046134
 -0.44487798 -0.44063379  0.45113313 -0.38708233 -0.29143301 -0.05934084
  0.00421421  0.20921085  0.39635652  0.01159256 -0.01445724 -0.10860586
  0.08945018 -0.2590819   0.32679828  0.08538708  0.06997091 -0.13637643
  0.19576163  0.36193643 -0.11818677  0.01243737 -0.00121683  0.29450666
 -0.2877217  -0.19905441 -0.30477914  0.30889477 -0.35568573  0.34286936
 -0.0668543   0.33746349 -0.20777987  0.05200768  0.18216329 -0.78658964
 -0.10053087  0.39812635 -0.03377381 -0.35243762  0.35380823  0.02751601
  0.2229012  -0.17617429  0.15896606 -0.24457572 -0.13401243 -0.39087262
  0.04437035  0.44354014 -0.20962674 -0.59602301 -0.0290521   0.12915812
 -0.35908283 -0.11399545]"
18,"[ 0.27464859  0.18586452  0.16158208 -0.04093195 -0.25733149 -0.06878853
 -0.43373348  0.14019626  0.43658615  0.2273653  -0.4468173   0.38107611
 -0.20848676 -0.07537369 -0.06406881 -0.16385173 -0.4802937  -0.3155404
  0.42966166  0.30320601  0.25656272  0.33685754 -0.22256618 -0.08015407
  0.0805671   0.22907475  0.14888546 -0.19687506 -0.0117801   0.12680134
  0.20183328  0.04783495 -0.22346163 -0.47060111 -0.65807153  0.08423432
  0.66319845 -0.54090695  0.0697247   0.04003647 -0.1300209   0.0037367
 -0.34153296 -0.06497622 -0.05196171  0.04442542  0.31604163  0.3424912
 -0.28127065  0.26783629 -0.35825037 -0.36759985 -0.70755381 -0.50527293
 -0.27990623 -0.1809134  -0.20187259 -0.40254197 -0.52527083 -0.21414298
  0.11554352  0.10012925  0.13926042  0.06548304  0.22996705  0.07696196
  0.05373353  0.04885646  0.6286771   0.30860702 -0.52204225  0.21196495
 -0.21625099  0.32156626 -0.16581938 -0.32005317 -0.32168969  0.29804757
 -0.28218224  0.34033874  0.46110188 -0.21999847  0.2527039   0.09264946
 -0.25761835  0.175465    0.04071288  0.30685326 -0.32292108 -0.43334538
  0.37520567  0.21219559  0.08426045 -0.30714451 -0.02922832 -0.12768215
 -0.31603536 -0.06864601  0.48952274 -0.17786437  0.32390482  0.21977863
 -0.03707257 -0.01849962 -0.13409856  0.09695743 -0.45805318  0.34085348
  0.17393239 -0.10580427  0.02592587  0.60943095  0.06252312  0.22283149
  0.20322369  0.1452897  -0.41581718 -0.127377    0.03039421 -0.15294738
  0.08938849 -0.49985421 -0.18265463  0.35419733 -0.48335881 -0.70658243
  0.09885919 -0.30528914 -0.2064166  -0.38919525 -0.07152081 -0.01935946
 -0.08482696 -0.10543346  0.11738952 -0.32276036 -0.11622503 -0.16516149
  0.22407238  0.19563484  0.43437368  0.31874005 -0.21237221  0.14646333
 -0.3302627  -0.36742026  0.59801763 -0.38531118 -0.25156661 -0.04649697
  0.08157066  0.17703524  0.3100796  -0.05013839  0.05566687 -0.0499655
  0.03693168 -0.07505914  0.2496477   0.13286423  0.06156956 -0.054922
  0.30652652  0.37362188 -0.01882814 -0.03134055 -0.02187476  0.17137004
 -0.23852471 -0.22705129 -0.30171816  0.22512399 -0.26794816  0.33019014
  0.03004687  0.2653997  -0.15953744  0.05438884  0.25331508 -0.85880955
 -0.07850162  0.38320172  0.16961236 -0.42602256  0.36166793  0.21106144
  0.09311052 -0.13997006  0.29284035 -0.22107232 -0.05643114 -0.21761746
  0.03293109  0.43972367 -0.18108597 -0.38506132  0.02425329  0.15263875
 -0.2484423  -0.33129448]"
19,"[ 0.26939551  0.16091008  0.1317413  -0.03195403 -0.248005   -0.1353588
 -0.53589156  0.18792527  0.49699149  0.25858828 -0.41769265  0.39162125
 -0.18775771 -0.01620418 -0.07410444 -0.12809278 -0.51206014 -0.34592246
  0.4047228   0.31546369  0.20130724  0.35989974 -0.19995512 -0.02682632
  0.09402355  0.21452849  0.23981546 -0.23594557 -0.08284704  0.18267303
  0.21493993  0.05429092 -0.26685221 -0.52862513 -0.69384687  0.10668884
  0.64656045 -0.51434892  0.04466843  0.14059396 -0.18665691 -0.08518807
 -0.30151    -0.0474687  -0.08545469  0.02849339  0.32605364  0.41863205
 -0.24904844  0.36310063 -0.34319307 -0.36858082 -0.71275757 -0.50592064
 -0.23272691 -0.14938908 -0.24324662 -0.41895297 -0.51310296 -0.24273181
  0.06307548  0.06295649  0.12514116  0.16295481  0.23750017  0.05577719
  0.01191307  0.013457    0.70328156  0.38773679 -0.47615076  0.16637958
 -0.24816623  0.30172074 -0.18822318 -0.27562193 -0.39450881  0.27187815
 -0.30200929  0.32914975  0.4666827  -0.24810182  0.28534883  0.11099806
 -0.26088141  0.18248038  0.01448732  0.18151214 -0.40021687 -0.4422212
  0.39697547  0.20568444  0.18912373 -0.25661792  0.01846046 -0.03925175
 -0.4042549  -0.0572031   0.57703053 -0.1965502   0.31675462  0.21402195
 -0.09441813 -0.05414292 -0.17253511  0.0891172  -0.52470979  0.3168762
  0.17844816 -0.1594763   0.04723039  0.65116405  0.08088178  0.23223221
  0.21502191  0.13242868 -0.36289016 -0.07867424  0.02428849 -0.13229354
  0.13419257 -0.48832821 -0.19319044  0.3563559  -0.50630905 -0.68501053
  0.05472695 -0.37347396 -0.17115418 -0.48059303 -0.09817853  0.04372872
 -0.10211474 -0.158279    0.11146095 -0.32258433 -0.09246989 -0.1432519
  0.17374472  0.2556728   0.44362018  0.28906199 -0.17357509  0.14186319
 -0.34615987 -0.44602546  0.5900356  -0.3818856  -0.29974956 -0.04756618
  0.11089584  0.25108979  0.30703607  0.01503936  0.06632188 -0.10398094
  0.03039423 -0.08545582  0.23171863  0.07978609  0.11226932  0.00543371
  0.27424676  0.35604848 -0.09353709 -0.07890246 -0.05028302  0.1887982
 -0.24152338 -0.15844351 -0.2835593   0.24869218 -0.26215482  0.31771604
 -0.01745074  0.27927729 -0.19231394 -0.01942214  0.25649988 -0.79940179
 -0.09918889  0.46163994  0.05594269 -0.43122107  0.33878847  0.24655148
  0.09002098 -0.14817595  0.31254867 -0.21597704 -0.03565673 -0.33861793
  0.10216532  0.42778315 -0.14043742 -0.4332807  -0.03581496  0.10791243
 -0.31968932 -0.25769222]"
20,"[ 0.25916978  0.14584898  0.16135335 -0.0273035  -0.24274042 -0.14095019
 -0.50066101  0.17879722  0.49390645  0.2260302  -0.41129903  0.36104762
 -0.25445566 -0.05214953 -0.05438948 -0.11825878 -0.48337686 -0.31150689
  0.43548745  0.36251767  0.26717485  0.35066367 -0.22240291 -0.06950128
  0.07723925  0.20926531  0.18101225 -0.28213035 -0.03839333  0.12256603
  0.19924697  0.0572857  -0.23297926 -0.52117965 -0.67579364  0.08732808
  0.66780976 -0.53282086  0.05044758  0.10943163 -0.16178934 -0.06044854
 -0.34224311 -0.04988433 -0.09265925  0.06203346  0.36366284  0.33937903
 -0.27128438  0.38712694 -0.40218583 -0.35734267 -0.71542968 -0.52886781
 -0.24905131 -0.19980486 -0.22618782 -0.41689356 -0.50987229 -0.22920027
  0.14785133  0.08349103  0.10964339  0.08767883  0.27348819  0.03355357
  0.04493811  0.01613902  0.66933778  0.37558478 -0.52655996  0.209894
 -0.25729795  0.36867091 -0.19547353 -0.24988053 -0.38302219  0.32161879
 -0.31995211  0.37794906  0.48877626 -0.27985706  0.3089639   0.17849572
 -0.28235613  0.18398064  0.02141282  0.20833621 -0.38174289 -0.46875394
  0.38521553  0.19926163  0.16013801 -0.33830566  0.00569402 -0.0719343
 -0.3615259  -0.05084479  0.56504029 -0.18877085  0.35244384  0.16708485
 -0.07315426 -0.02138945 -0.15150349  0.13196766 -0.4910094   0.3666352
  0.20758234 -0.13183454  0.052251    0.69094883  0.04287909  0.2607167
  0.14584819  0.16203894 -0.39223743 -0.08784311  0.06929352 -0.10081511
  0.13174675 -0.52784094 -0.2081775   0.33616357 -0.51008021 -0.67192791
  0.05375984 -0.30701453 -0.17151403 -0.45352916 -0.1059455   0.09548825
 -0.1229603  -0.1023398   0.11938403 -0.31244601 -0.12430454 -0.17623623
  0.18281926  0.21633051  0.4288326   0.25441152 -0.20204024  0.15520249
 -0.35573395 -0.42398998  0.58012855 -0.41580078 -0.3208017  -0.06217159
  0.12995935  0.20293098  0.32872715 -0.04070059  0.09555366 -0.08441196
  0.05213447 -0.09767623  0.28810427  0.13798773  0.09651017  0.03313732
  0.2909729   0.35905694 -0.0811804  -0.0175874  -0.03436697  0.18774109
 -0.24335185 -0.21526789 -0.28576604  0.26750544 -0.26564015  0.32893984
  0.031209    0.24921516 -0.17288181 -0.00498457  0.24768383 -0.8626592
 -0.10016485  0.45038928  0.10722134 -0.4584009   0.35407357  0.27859693
  0.10050138 -0.127972    0.31436344 -0.21348617 -0.06686172 -0.29162555
  0.02359128  0.41626472 -0.13493733 -0.47941371  0.04008613  0.14506502
 -0.30030514 -0.31125991]"
21,"[ 0.2737418   0.13467038  0.17689684 -0.00926927 -0.24836672 -0.0903075
 -0.44512854  0.14465509  0.47817801  0.23797212 -0.42340641  0.3818307
 -0.22807335 -0.06510463 -0.04415451 -0.13653823 -0.5023054  -0.32279479
  0.45253954  0.33246156  0.26092278  0.36697311 -0.19454812 -0.05719592
  0.06768236  0.21833958  0.17329993 -0.21330256 -0.05968856  0.14434955
  0.1787561   0.0586617  -0.2302258  -0.53612515 -0.67423591  0.09990251
  0.65687797 -0.5723912   0.07302598  0.04868365 -0.12697433 -0.04991867
 -0.33855487 -0.07854625 -0.08211801  0.04355347  0.33550229  0.352768
 -0.28288795  0.32849899 -0.38047847 -0.37230383 -0.71173234 -0.54937892
 -0.27298191 -0.13464825 -0.24022844 -0.43624372 -0.53938441 -0.24305994
  0.15622608  0.08346081  0.17187508  0.04930122  0.23902613  0.05852432
  0.04221988  0.04811748  0.65327531  0.32105295 -0.53579778  0.19371448
 -0.28158859  0.36144883 -0.16717318 -0.30600732 -0.35666931  0.29412415
 -0.27773957  0.35278714  0.45809825 -0.24780178  0.29815974  0.11817751
 -0.25716291  0.19156174  0.03877677  0.30251637 -0.32016077 -0.43816796
  0.3874041   0.19778674  0.14335172 -0.31825096 -0.02774254 -0.07702759
 -0.34166238 -0.05567393  0.53162622 -0.21008012  0.32491343  0.20496076
 -0.02894265 -0.02294673 -0.14104586  0.08705029 -0.49143122  0.3758382
  0.20605635 -0.12013513  0.02125419  0.63784867  0.08783918  0.24086202
  0.19242395  0.17678913 -0.40161746 -0.11615405  0.01380618 -0.13023791
  0.11629066 -0.54306158 -0.18551807  0.36978244 -0.51626863 -0.70492204
  0.07691824 -0.30604773 -0.1754695  -0.39237835 -0.1180468   0.02640122
 -0.08073507 -0.11888564  0.11713432 -0.3262704  -0.10691327 -0.17544589
  0.1981244   0.19440543  0.42563271  0.30233391 -0.22124978  0.16358277
 -0.31615683 -0.39285114  0.6250989  -0.4010375  -0.26720915 -0.0366548
  0.12613834  0.1869513   0.32566909 -0.03940955  0.03224178 -0.05591331
  0.03985797 -0.07067813  0.26472559  0.12967268  0.08318955 -0.01943752
  0.27804953  0.35232786 -0.03315838 -0.01665039 -0.05354509  0.20002117
 -0.23807979 -0.22169756 -0.27158044  0.25223702 -0.25272868  0.31754089
  0.02618977  0.26159996 -0.1222784   0.03106251  0.31226799 -0.88779507
 -0.1017182   0.44280315  0.14263909 -0.48121615  0.34163281  0.23557663
  0.07873851 -0.12093717  0.32085862 -0.21099409 -0.06015793 -0.21144399
  0.03181051  0.41197342 -0.1692534  -0.42643696  0.03031648  0.11536081
 -0.25280084 -0.31568208]"
22,"[ 0.27641348  0.18739196  0.17461732 -0.04474756 -0.25452001 -0.0991362
 -0.49583915  0.15789237  0.46082443  0.25829665 -0.42417328  0.3767605
 -0.21387997 -0.06990078 -0.07373241 -0.13682134 -0.52383625 -0.32715253
  0.39450445  0.33555216  0.24770003  0.35100068 -0.22760696 -0.05861064
  0.06616029  0.23122003  0.21575826 -0.24448895 -0.04833072  0.11586232
  0.19465577  0.07538573 -0.23438461 -0.53069679 -0.64934906  0.06173378
  0.7010818  -0.53757585  0.07386199  0.11022826 -0.1366321  -0.03453107
 -0.34946697 -0.09989058 -0.07488957  0.01768409  0.32850297  0.36415433
 -0.2707396   0.35783488 -0.3783663  -0.35918636 -0.70501115 -0.52225118
 -0.26695535 -0.14287715 -0.20242742 -0.39596583 -0.51181147 -0.23012178
  0.08623678  0.07591253  0.1197702   0.11335606  0.2500042   0.02828624
  0.0013269   0.04630983  0.67506833  0.32028378 -0.52049384  0.19979771
 -0.25078239  0.34791018 -0.18393113 -0.31580228 -0.3767669   0.31217589
 -0.29585266  0.37243819  0.4500357  -0.24649463  0.26710217  0.10521323
 -0.28059983  0.19486378  0.01230124  0.2567728  -0.34887965 -0.44626531
  0.4072446   0.19365439  0.11442426 -0.29271094 -0.02432156 -0.0561736
 -0.33331922 -0.06479638  0.53853862 -0.21808449  0.3257502   0.17185062
 -0.02091479 -0.05640959 -0.16972221  0.12945947 -0.46857079  0.36089791
  0.17000541 -0.1415312   0.02799629  0.65902731  0.07433664  0.24981759
  0.17101801  0.12728101 -0.40589284 -0.09820341  0.05871339 -0.14318435
  0.1172493  -0.50945807 -0.17363326  0.35038761 -0.54225301 -0.69390746
  0.07970432 -0.31330551 -0.17263819 -0.4181775  -0.09337605  0.03939319
 -0.12101275 -0.10636238  0.08503455 -0.31545824 -0.09632159 -0.17101557
  0.20064841  0.24586424  0.45527135  0.29016082 -0.20160839  0.14628517
 -0.34606369 -0.41913882  0.56441369 -0.41980087 -0.28222425 -0.06213738
  0.11534346  0.16789313  0.34278786 -0.02726221  0.07223262 -0.09653994
  0.02818862 -0.07291757  0.27628158  0.13018066  0.07059884 -0.00653858
  0.29911431  0.39801208 -0.04546618 -0.02884344 -0.06943574  0.17713719
 -0.24181885 -0.22388355 -0.29798964  0.25961337 -0.25440813  0.34480425
  0.01457996  0.26821417 -0.13517754 -0.01289814  0.24772579 -0.85014333
 -0.11907946  0.43270271  0.12112631 -0.45713327  0.34476009  0.27218933
  0.10567677 -0.14919838  0.32314676 -0.22744763 -0.03328154 -0.24569167
  0.03551843  0.43703767 -0.14345732 -0.40282815  0.0125242   0.14016443
 -0.30519794 -0.30105166]"
23,"[ 3.12820822e-01  2.59646028e-01  1.65381432e-01  3.92578878e-02
 -3.04221094e-01 -2.19865181e-02 -4.91293669e-01  1.29108891e-01
  3.94800156e-01  2.42463186e-01 -3.47973138e-01  5.18992901e-01
 -1.78485170e-01 -7.11804703e-02 -1.43435866e-01 -1.09496348e-01
 -4.73980814e-01 -3.40806872e-01  4.58124757e-01  2.80143529e-01
  2.44880855e-01  3.17882627e-01 -2.24139169e-01 -5.96544780e-02
  1.35067236e-02  3.06276947e-01  1.53027713e-01 -3.76250714e-01
 -6.84916005e-02  1.19925998e-02  1.53251871e-01  1.53406216e-02
 -1.83090299e-01 -5.80628455e-01 -6.47292078e-01 -4.47279960e-02
  6.96966410e-01 -5.41396022e-01  9.62084681e-02  1.86671078e-01
 -8.24384093e-02  6.53787404e-02 -2.81436682e-01 -1.14116900e-01
 -1.77956164e-01 -3.10726427e-02  2.90765196e-01  3.07903796e-01
 -4.01810259e-01  3.91945988e-01 -3.80702406e-01 -3.70252579e-01
 -7.00733542e-01 -5.40398240e-01 -3.94115210e-01 -2.74771094e-01
 -2.82177567e-01 -3.35994363e-01 -4.21123654e-01 -2.34575629e-01
  1.77675337e-01  2.51899451e-01  1.51748911e-01 -3.90036926e-02
  2.35988185e-01  7.58593380e-02 -8.32916051e-02  2.43242271e-03
  6.37464464e-01  3.30162734e-01 -5.85513771e-01  2.29864612e-01
 -1.45365044e-01  3.56884688e-01 -1.80675179e-01 -3.05316776e-01
 -4.39140409e-01  3.31867456e-01 -3.12035173e-01  4.21122432e-01
  4.38157231e-01 -2.29799837e-01  2.00308368e-01  1.14464723e-01
 -2.97362030e-01  3.31310242e-01  5.13097839e-05  3.25810581e-01
 -4.19171631e-01 -4.29212809e-01  5.16815782e-01  9.43748727e-02
 -2.24475339e-02 -3.09600651e-01 -9.45335925e-02 -1.64458409e-01
 -3.29857469e-01 -7.91028440e-02  5.29425204e-01 -2.00843200e-01
  4.23359096e-01  1.69785857e-01  8.92691016e-02 -2.46809628e-02
 -9.62781832e-02  1.05844252e-01 -3.24730039e-01  3.44487786e-01
  1.19986497e-01 -7.65538961e-02 -3.61268409e-02  7.00201273e-01
  8.03015605e-02  2.46186331e-01  1.48024574e-01  1.56083152e-01
 -3.20753008e-01 -6.61709607e-02 -7.57607818e-02 -1.73503444e-01
  4.97179516e-02 -3.84483486e-01 -1.12688676e-01  3.77074540e-01
 -5.43487489e-01 -8.17836821e-01  3.72357219e-02 -3.19548130e-01
 -1.92033365e-01 -4.23732907e-01 -5.94296418e-02  1.31087899e-01
 -8.42565894e-02 -1.34863630e-01  4.46107239e-02 -2.07530275e-01
 -1.51278466e-01 -2.76249707e-01  2.05013603e-01  2.10082650e-01
  3.38224143e-01  3.16699624e-01 -1.50393486e-01  2.47651577e-01
 -2.24362448e-01 -4.96601611e-01  5.00835776e-01 -3.58006984e-01
 -2.59681970e-01 -6.92645833e-02  8.56005922e-02  5.32957800e-02
  3.36776197e-01 -1.62822187e-01  1.20073184e-01 -2.15767622e-02
  1.32421523e-01 -9.97714922e-02  2.71166295e-01  2.57517010e-01
 -2.01591924e-02 -4.05185595e-02  3.81625414e-01  4.51738328e-01
 -6.67788833e-02  8.47919583e-02 -1.57436188e-02  2.55213350e-01
 -1.76012874e-01 -2.47641236e-01 -2.28395641e-01  2.32929438e-01
 -3.11414391e-01  4.38675523e-01  1.92473158e-02  1.51269168e-01
 -9.51832235e-02 -1.01301577e-02  3.54541868e-01 -8.74375999e-01
 -9.14322883e-02  3.56662184e-01  1.73707530e-01 -4.55211550e-01
  4.15347785e-01  2.47259080e-01  1.40365988e-01 -6.85421452e-02
  2.25540787e-01 -2.85342783e-01 -9.31712911e-02 -1.87543988e-01
 -1.96986403e-02  4.74063307e-01 -2.60990858e-01 -4.50354218e-01
  1.25478521e-01  1.99661925e-01 -2.72233456e-01 -3.19946378e-01]"
24,"[ 0.38050464  0.17819439  0.16676423  0.06400861 -0.30284782 -0.185534
 -0.57335758  0.21190459  0.49800927  0.26999069 -0.29992681  0.38980221
 -0.33545979 -0.06905331 -0.1408325   0.01281086 -0.50862387 -0.31301436
  0.30180366  0.43435142  0.16629153  0.2811941  -0.26008778  0.05352842
  0.14047593  0.14874332  0.18262804 -0.29376636 -0.00772543  0.09136683
  0.10537263 -0.03227789 -0.22373923 -0.53118359 -0.76368227  0.04435164
  0.69420461 -0.40978708  0.04997044  0.24432733 -0.10063821 -0.01542
 -0.38932378 -0.05143331 -0.02517808 -0.06650365  0.25169034  0.39549847
 -0.23928308  0.36571061 -0.41419754 -0.35524871 -0.71775847 -0.57406624
 -0.16285174 -0.20450933 -0.15670383 -0.31037469 -0.54747897 -0.22596719
  0.05028726  0.06321219  0.0070005   0.23413808  0.23163964  0.02613255
  0.02123543  0.05681556  0.72709717  0.49425661 -0.5878038   0.1196996
 -0.28957908  0.35794865 -0.2637096  -0.17461158 -0.34642965  0.36121143
 -0.3358694   0.36139437  0.55267145 -0.34905387  0.34837971  0.18140828
 -0.35610131  0.07722531 -0.12023407  0.19101631 -0.46155331 -0.42715404
  0.18990063  0.2646388   0.20979506 -0.29994078  0.01440619  0.08459002
 -0.46956654 -0.10074942  0.61594706 -0.19578431  0.27731571  0.11993144
 -0.07076894 -0.03592861 -0.22383345  0.32979826 -0.54741565  0.27947982
  0.33592361 -0.1028894   0.07061832  0.67198594  0.04791326  0.28374159
  0.10838455  0.22985566 -0.38037266 -0.04300842  0.08948788 -0.13726067
  0.14788167 -0.60476789 -0.11527851  0.40214747 -0.40990943 -0.54869186
  0.10715454 -0.31202992 -0.21693984 -0.27957128 -0.10722306  0.10831861
 -0.13554709 -0.04351724  0.22504811 -0.33383153 -0.05088891 -0.06649366
  0.1076522   0.22085282  0.46192021  0.27188033 -0.06606571  0.09676688
 -0.27795819 -0.5520318   0.58539903 -0.40881172 -0.30652876 -0.11889579
  0.17510264  0.1990113   0.17803954  0.06911224  0.14689902 -0.05860169
 -0.01114062 -0.08482493  0.28113639  0.06455397  0.13302648  0.13324302
  0.33402229  0.35771518 -0.0743156  -0.06537181  0.03872613  0.07203573
 -0.15272473 -0.18637747 -0.22506172  0.31176036 -0.25741397  0.2621344
  0.12297704  0.15972067 -0.19679007 -0.05304665  0.19542841 -0.81056127
 -0.14451981  0.65120621 -0.01442666 -0.48078724  0.25485502  0.3333903
  0.07882444 -0.18072185  0.36104352 -0.30528338 -0.08396316 -0.41993349
 -0.02141238  0.33189556  0.02246032 -0.51431781  0.05957665  0.19070557
 -0.26313531 -0.37976077]"
25,"[ 2.80470555e-01  2.67086207e-02  1.59196796e-01  1.45814236e-02
 -3.09942501e-01 -1.33534318e-01 -4.61093516e-01  1.62728108e-01
  4.42375033e-01  2.09461859e-01 -4.54069502e-01  3.18511551e-01
 -2.44774503e-01 -1.53820301e-02 -1.90374366e-02 -9.48613360e-02
 -4.73811457e-01 -2.61238754e-01  3.62200784e-01  4.13534800e-01
  2.76902859e-01  3.68561485e-01 -2.47305014e-01 -5.02067236e-02
  1.28013008e-01  1.33355633e-01  1.18462386e-01 -2.58983393e-01
 -3.87609985e-02  7.30359454e-02  1.76943469e-01  3.90024058e-02
 -2.01387842e-01 -4.83161932e-01 -7.29790617e-01  1.70800530e-02
  6.88125179e-01 -5.19064210e-01  4.71789856e-02  1.13190972e-01
 -9.25687676e-02 -6.99688090e-03 -3.91062797e-01 -5.19273820e-02
 -1.84546902e-02  4.38735992e-02  3.13464763e-01  3.45275573e-01
 -2.54630223e-01  3.01334497e-01 -3.63941565e-01 -3.02645452e-01
 -7.50216132e-01 -5.16877676e-01 -2.41667469e-01 -1.42834452e-01
 -2.58042750e-01 -4.29353245e-01 -5.60585329e-01 -2.15175357e-01
  1.31445172e-01  5.69192257e-02  7.30171539e-02  1.15750479e-01
  2.37117326e-01 -2.48022423e-02  3.19755739e-02  5.49164689e-02
  6.14280742e-01  3.96504957e-01 -5.96942506e-01  1.00691922e-01
 -2.64326923e-01  3.85000801e-01 -1.13512079e-01 -2.67819038e-01
 -2.61533854e-01  2.50801205e-01 -2.65774027e-01  3.54340526e-01
  5.47423381e-01 -3.14025051e-01  3.47704654e-01  1.91673431e-01
 -3.10720975e-01  9.73241584e-02  3.55986896e-02  2.28633220e-01
 -3.92040161e-01 -4.10443453e-01  2.67332639e-01  2.60835391e-01
  2.39459426e-01 -3.31939558e-01 -1.04650495e-02 -3.34227438e-02
 -3.53731609e-01 -4.17313776e-02  5.12777854e-01 -2.04632255e-01
  2.72702761e-01  9.92755479e-02 -6.89128061e-02 -2.01473765e-02
 -1.80714961e-01  1.94008702e-01 -5.03035591e-01  3.45209338e-01
  2.53020690e-01 -1.13070760e-01  6.14841594e-02  5.95883096e-01
  1.02541041e-01  2.87009202e-01  1.41243825e-01  1.97277566e-01
 -3.58820289e-01 -1.15036605e-01  9.84442217e-02 -1.31613756e-01
  1.53092332e-01 -5.39298780e-01 -1.72567945e-01  3.18676507e-01
 -4.84491081e-01 -5.64091137e-01  1.10833813e-01 -2.93093901e-01
 -1.45564891e-01 -2.98971587e-01 -1.19868678e-01  5.16084512e-02
 -1.23162221e-01 -1.03691392e-01  1.17628259e-01 -3.30359384e-01
 -3.17389671e-02 -1.32773935e-01  2.08027022e-01  1.85598303e-01
  3.89311233e-01  2.48658286e-01 -1.48600999e-01  1.21844417e-01
 -3.18274356e-01 -4.40961622e-01  6.27106790e-01 -3.96665297e-01
 -3.45526033e-01 -4.06361921e-02  1.78364557e-01  1.71537618e-01
  2.68982192e-01 -5.86817851e-03  8.82231397e-02 -4.88958399e-02
  6.32122933e-04 -6.62242876e-02  3.00752824e-01  6.08515094e-02
  1.00049724e-01  5.70227077e-02  2.96241217e-01  3.43511261e-01
 -6.42219844e-03 -1.70517790e-02  2.77377707e-02  1.44678951e-01
 -2.09029217e-01 -2.39169795e-01 -2.07288010e-01  2.75687175e-01
 -1.80102850e-01  2.99606835e-01  1.27510074e-01  2.14982220e-01
 -1.61615879e-01  5.27206260e-02  2.75994092e-01 -8.39078244e-01
 -1.27819954e-01  4.66261266e-01  9.86083260e-02 -4.61877580e-01
  2.98022783e-01  2.64014638e-01  4.91056865e-02 -1.80665492e-01
  3.42704551e-01 -1.87486481e-01  2.25113926e-03 -2.52772894e-01
  3.46965798e-02  3.55865954e-01 -8.26655097e-02 -4.41392025e-01
  9.19546391e-02  1.17922785e-01 -2.27669774e-01 -3.45343506e-01]"
